name, contrast, correlation, energy, homogeneity
C:/Users/windows/Documents/Tcc_Gabi/Ultrasound/DatasetDecomposite/normal/normal (10)_color_threshold_idx_1_chunck_7_region_29_labels_1_G.png, 1:3.9127752577319588, 2:0.9697576495376388, 3:0.9875753721776106, 4:0.9903234587189786, 
C:/Users/windows/Documents/Tcc_Gabi/Ultrasound/DatasetDecomposite/normal/normal (100)_color_threshold_idx_2_chunck_3_region_1_labels_0_G.png, 1:1.616512341776953, 2:0.990864026531746, 3:0.9127672948739948, 4:0.9639001614497738, 
C:/Users/windows/Documents/Tcc_Gabi/Ultrasound/DatasetDecomposite/normal/normal (101)_color_threshold_idx_0_chunck_2_region_-1_labels_-1_G.png, 1:5.871089029139251, 2:0.9829820775983881, 3:0.7809283270589966, 4:0.9035755492869328, 
C:/Users/windows/Documents/Tcc_Gabi/Ultrasound/DatasetDecomposite/normal/normal (102)_color_threshold_idx_1_chunck_16_region_116_labels_3_G.png, 1:3.9778527308192455, 2:0.9836584139510239, 3:0.9723677958098621, 4:0.9839677647373927, 
C:/Users/windows/Documents/Tcc_Gabi/Ultrasound/DatasetDecomposite/normal/normal (103)_color_threshold_idx_1_chunck_6_region_82_labels_1_G.png, 1:11.171357619635117, 2:0.9789774751961224, 3:0.9346291110225954, 4:0.9630512858475416, 
C:/Users/windows/Documents/Tcc_Gabi/Ultrasound/DatasetDecomposite/normal/normal (104)_color_threshold_idx_1_chunck_9_region_6_labels_1_G.png, 1:3.8463525653668706, 2:0.9648334633772266, 3:0.9909235662103597, 4:0.9937933207224153, 
C:/Users/windows/Documents/Tcc_Gabi/Ultrasound/DatasetDecomposite/normal/normal (105)_color_threshold_idx_1_chunck_-1_region_-1_labels_-1_G.png, 1:3.0612490038230096, 2:0.9409439903263364, 3:0.9967275606674676, 4:0.9977800023429019, 
C:/Users/windows/Documents/Tcc_Gabi/Ultrasound/DatasetDecomposite/normal/normal (106)_color_threshold_idx_2_chunck_3_region_16_labels_1_G.png, 1:24.93076846353328, 2:0.9782629830991671, 3:0.8997070383441925, 4:0.9343980244013311, 
C:/Users/windows/Documents/Tcc_Gabi/Ultrasound/DatasetDecomposite/normal/normal (107)_color_threshold_idx_1_chunck_13_region_7_labels_1_G.png, 1:7.764880815864714, 2:0.9658622270092668, 3:0.9769625532694669, 4:0.9840512286108234, 
C:/Users/windows/Documents/Tcc_Gabi/Ultrasound/DatasetDecomposite/normal/normal (108)_color_threshold_idx_1_chunck_-1_region_-1_labels_-1_G.png, 1:4.899631519336955, 2:0.9709399118044013, 3:0.9897494332441357, 4:0.993811552966402, 
C:/Users/windows/Documents/Tcc_Gabi/Ultrasound/DatasetDecomposite/normal/normal (108)_color_threshold_idx_1_chunck_0_region_126_labels_0_G.png, 1:13.094718738202106, 2:0.9714924497841317, 3:0.9584117713185042, 4:0.9751001485005171, 
C:/Users/windows/Documents/Tcc_Gabi/Ultrasound/DatasetDecomposite/normal/normal (109)_color_threshold_idx_1_chunck_6_region_7_labels_1_G.png, 1:6.255088981446423, 2:0.9459679419187229, 3:0.9918327495680527, 4:0.9943705671267764, 
C:/Users/windows/Documents/Tcc_Gabi/Ultrasound/DatasetDecomposite/normal/normal (11)_color_threshold_idx_1_chunck_12_region_172_labels_2_G.png, 1:24.416465545938753, 2:0.9836930605275352, 3:0.8204293213018841, 4:0.8844118859882983, 
C:/Users/windows/Documents/Tcc_Gabi/Ultrasound/DatasetDecomposite/normal/normal (11)_color_threshold_idx_1_chunck_4_region_172_labels_0_G.png, 1:9.631842728214234, 2:0.9596581129899306, 3:0.9783972690808826, 4:0.9851863809303465, 
C:/Users/windows/Documents/Tcc_Gabi/Ultrasound/DatasetDecomposite/normal/normal (110)_color_threshold_idx_1_chunck_20_region_-1_labels_-1_G.png, 1:2.396016566615478, 2:0.9691068827210676, 3:0.9858151330136861, 4:0.9915369713030773, 
C:/Users/windows/Documents/Tcc_Gabi/Ultrasound/DatasetDecomposite/normal/normal (111)_color_threshold_idx_2_chunck_-1_region_1_labels_0_G.png, 1:2.8228629170966633, 2:0.9876973342138269, 3:0.9817703509954238, 4:0.9901085397354658, 
C:/Users/windows/Documents/Tcc_Gabi/Ultrasound/DatasetDecomposite/normal/normal (112)_color_threshold_idx_2_chunck_2_region_10_labels_0_G.png, 1:11.239711108186365, 2:0.9850803230170936, 3:0.903123793221409, 4:0.942989354245815, 
C:/Users/windows/Documents/Tcc_Gabi/Ultrasound/DatasetDecomposite/normal/normal (113)_color_threshold_idx_1_chunck_11_region_8_labels_1_G.png, 1:27.932124172026494, 2:0.9801610084867363, 3:0.8465432515909328, 4:0.9203867606029528, 
C:/Users/windows/Documents/Tcc_Gabi/Ultrasound/DatasetDecomposite/normal/normal (114)_color_threshold_idx_1_chunck_4_region_1_labels_1_G.png, 1:4.112971116315379, 2:0.9803916562772164, 3:0.9757775069346479, 4:0.9843906472569321, 
C:/Users/windows/Documents/Tcc_Gabi/Ultrasound/DatasetDecomposite/normal/normal (114)_color_threshold_idx_2_chunck_4_region_1_labels_1_G.png, 1:3.3392068696330988, 2:0.9643634587352122, 3:0.9895832351023978, 4:0.9934482723578967, 
C:/Users/windows/Documents/Tcc_Gabi/Ultrasound/DatasetDecomposite/normal/normal (115)_color_threshold_idx_0_chunck_2_region_-1_labels_-1_G.png, 1:1.2436517489149068, 2:0.8908866538272447, 3:0.9918883351857427, 4:0.9941092365003278, 
C:/Users/windows/Documents/Tcc_Gabi/Ultrasound/DatasetDecomposite/normal/normal (115)_color_threshold_idx_1_chunck_-1_region_-1_labels_-1_G.png, 1:6.193000693000693, 2:0.957707383890445, 3:0.9891054530070267, 4:0.9924638797416956, 
C:/Users/windows/Documents/Tcc_Gabi/Ultrasound/DatasetDecomposite/normal/normal (115)_color_threshold_idx_1_chunck_10_region_40_labels_1_G.png, 1:1.7106247948353213, 2:0.9918317072424279, 3:0.9817779424404413, 4:0.9863542328048487, 
C:/Users/windows/Documents/Tcc_Gabi/Ultrasound/DatasetDecomposite/normal/normal (116)_color_threshold_idx_1_chunck_10_region_156_labels_2_G.png, 1:22.14912567591139, 2:0.9891632633000992, 3:0.8260037109908228, 4:0.9038612028749851, 
C:/Users/windows/Documents/Tcc_Gabi/Ultrasound/DatasetDecomposite/normal/normal (117)_color_threshold_idx_1_chunck_4_region_98_labels_0_G.png, 1:13.61713026102953, 2:0.9861139920287406, 3:0.9269122261475231, 4:0.9601905179529359, 
C:/Users/windows/Documents/Tcc_Gabi/Ultrasound/DatasetDecomposite/normal/normal (118)_color_threshold_idx_1_chunck_6_region_1_labels_1_G.png, 1:5.1949058229144836, 2:0.9774003987884269, 3:0.9753104183628769, 4:0.9833238710856135, 
C:/Users/windows/Documents/Tcc_Gabi/Ultrasound/DatasetDecomposite/normal/normal (118)_color_threshold_idx_1_chunck_7_region_1_labels_1_G.png, 1:1.9013961646217008, 2:0.9827518556070908, 3:0.9877117876720205, 4:0.9926173204080642, 
C:/Users/windows/Documents/Tcc_Gabi/Ultrasound/DatasetDecomposite/normal/normal (119)_color_threshold_idx_2_chunck_7_region_28_labels_3_G.png, 1:37.9095695816809, 2:0.9820574587310501, 3:0.4687812794856021, 4:0.7002315340846228, 
C:/Users/windows/Documents/Tcc_Gabi/Ultrasound/DatasetDecomposite/normal/normal (12)_color_threshold_idx_2_chunck_6_region_99_labels_1_G.png, 1:5.741268238479277, 2:0.977572045632938, 3:0.9653473618787444, 4:0.9791275220188104, 
C:/Users/windows/Documents/Tcc_Gabi/Ultrasound/DatasetDecomposite/normal/normal (120)_color_threshold_idx_1_chunck_6_region_116_labels_1_G.png, 1:12.867535982120017, 2:0.9922914312289096, 3:0.8267368685425295, 4:0.8911111067104678, 
C:/Users/windows/Documents/Tcc_Gabi/Ultrasound/DatasetDecomposite/normal/normal (121)_color_threshold_idx_0_chunck_9_region_12_labels_3_G.png, 1:1.4286542491724936, 2:0.9823090156939157, 3:0.9554300250847356, 4:0.9779529889542188, 
C:/Users/windows/Documents/Tcc_Gabi/Ultrasound/DatasetDecomposite/normal/normal (122)_color_threshold_idx_1_chunck_12_region_180_labels_1_G.png, 1:2.181274170567881, 2:0.9849385913012386, 3:0.986159366030357, 4:0.991033786692504, 
C:/Users/windows/Documents/Tcc_Gabi/Ultrasound/DatasetDecomposite/normal/normal (122)_color_threshold_idx_1_chunck_1_region_-1_labels_-1_G.png, 1:3.088278264016102, 2:0.9632036420662836, 3:0.9944863346988111, 4:0.9964859500358267, 
C:/Users/windows/Documents/Tcc_Gabi/Ultrasound/DatasetDecomposite/normal/normal (122)_color_threshold_idx_2_chunck_14_region_-1_labels_-1_G.png, 1:3.460655404030124, 2:0.9490668610996472, 3:0.9958749376765168, 4:0.9973729175111151, 
C:/Users/windows/Documents/Tcc_Gabi/Ultrasound/DatasetDecomposite/normal/normal (123)_color_threshold_idx_0_chunck_0_region_-1_labels_-1_G.png, 1:0.5338248548491898, 2:0.8886296049032811, 3:0.9955904917990753, 4:0.9970466278898746, 
C:/Users/windows/Documents/Tcc_Gabi/Ultrasound/DatasetDecomposite/normal/normal (124)_color_threshold_idx_2_chunck_4_region_1_labels_1_G.png, 1:9.516585171313634, 2:0.9865083445969903, 3:0.9329470980138437, 4:0.9611392109096074, 
C:/Users/windows/Documents/Tcc_Gabi/Ultrasound/DatasetDecomposite/normal/normal (125)_color_threshold_idx_1_chunck_14_region_-1_labels_-1_G.png, 1:5.780473952437039, 2:0.9549751010018471, 3:0.989803696432201, 4:0.992970527773402, 
C:/Users/windows/Documents/Tcc_Gabi/Ultrasound/DatasetDecomposite/normal/normal (126)_color_threshold_idx_1_chunck_17_region_-1_labels_-1_G.png, 1:1.4395858560340098, 2:0.9788985020879499, 3:0.9905220829539886, 4:0.9935469468200685, 
C:/Users/windows/Documents/Tcc_Gabi/Ultrasound/DatasetDecomposite/normal/normal (126)_color_threshold_idx_2_chunck_9_region_-1_labels_-1_G.png, 1:1.8988117535346847, 2:0.9686789200260076, 3:0.9959622551303082, 4:0.9974449206380596, 
C:/Users/windows/Documents/Tcc_Gabi/Ultrasound/DatasetDecomposite/normal/normal (127)_color_threshold_idx_0_chunck_3_region_-1_labels_-1_G.png, 1:2.4048384727773096, 2:0.9645542448289266, 3:0.966311289523634, 4:0.9830795492661188, 
C:/Users/windows/Documents/Tcc_Gabi/Ultrasound/DatasetDecomposite/normal/normal (128)_color_threshold_idx_2_chunck_1_region_53_labels_0_G.png, 1:6.920511407234487, 2:0.9688183941472132, 3:0.9518987051212567, 4:0.971337834681034, 
C:/Users/windows/Documents/Tcc_Gabi/Ultrasound/DatasetDecomposite/normal/normal (129)_color_threshold_idx_1_chunck_15_region_3_labels_2_G.png, 1:13.322743411559202, 2:0.9890294279659791, 3:0.9045969527626574, 4:0.9403104620778505, 
C:/Users/windows/Documents/Tcc_Gabi/Ultrasound/DatasetDecomposite/normal/normal (13)_color_threshold_idx_1_chunck_5_region_140_labels_0_G.png, 1:14.992198346515233, 2:0.9872306903832028, 3:0.8666332402604958, 4:0.9208440766880562, 
C:/Users/windows/Documents/Tcc_Gabi/Ultrasound/DatasetDecomposite/normal/normal (130)_color_threshold_idx_1_chunck_19_region_1_labels_3_G.png, 1:14.874091686409527, 2:0.9697827038927241, 3:0.9540338046560217, 4:0.9690686915553768, 
C:/Users/windows/Documents/Tcc_Gabi/Ultrasound/DatasetDecomposite/normal/normal (131)_color_threshold_idx_1_chunck_1_region_1_labels_1_G.png, 1:4.070873062237893, 2:0.9810467653557017, 3:0.9817207390594074, 4:0.9884828929247574, 
C:/Users/windows/Documents/Tcc_Gabi/Ultrasound/DatasetDecomposite/normal/normal (132)_color_threshold_idx_0_chunck_9_region_-1_labels_-1_G.png, 1:0.6748047396528705, 2:0.9624882146151975, 3:0.993066029770954, 4:0.9964070967669562, 
C:/Users/windows/Documents/Tcc_Gabi/Ultrasound/DatasetDecomposite/normal/normal (132)_color_threshold_idx_2_chunck_9_region_53_labels_1_G.png, 1:16.893065754339123, 2:0.9811447049482702, 3:0.9102819933322445, 4:0.9432079002036718, 
C:/Users/windows/Documents/Tcc_Gabi/Ultrasound/DatasetDecomposite/normal/normal (133)_color_threshold_idx_1_chunck_20_region_-1_labels_-1_G.png, 1:3.1378371295420626, 2:0.9449308187067978, 3:0.9964753837149086, 4:0.9976686066585961, 
C:/Users/windows/Documents/Tcc_Gabi/Ultrasound/DatasetDecomposite/normal/normal (133)_color_threshold_idx_2_chunck_11_region_-1_labels_-1_G.png, 1:3.251522091693918, 2:0.9445781846852077, 3:0.9957575416174976, 4:0.9969468417090547, 
C:/Users/windows/Documents/Tcc_Gabi/Ultrasound/DatasetDecomposite/normal/normal (14)_color_threshold_idx_2_chunck_1_region_31_labels_1_G.png, 1:4.695289760387849, 2:0.9631704694616837, 3:0.9882493499282164, 4:0.9925131515747381, 
C:/Users/windows/Documents/Tcc_Gabi/Ultrasound/DatasetDecomposite/normal/normal (15)_color_threshold_idx_1_chunck_7_region_-1_labels_-1_G.png, 1:0.4729375818419903, 2:0.9716806075145946, 3:0.9975837244944824, 4:0.9982350224288095, 
C:/Users/windows/Documents/Tcc_Gabi/Ultrasound/DatasetDecomposite/normal/normal (16)_color_threshold_idx_2_chunck_1_region_27_labels_0_G.png, 1:29.103577967653344, 2:0.9740936561996877, 3:0.7635552253193678, 4:0.8558777745811738, 
C:/Users/windows/Documents/Tcc_Gabi/Ultrasound/DatasetDecomposite/normal/normal (17)_color_threshold_idx_2_chunck_2_region_52_labels_0_G.png, 1:6.767880431646374, 2:0.989304408583994, 3:0.7799129696402406, 4:0.8855130655114675, 
C:/Users/windows/Documents/Tcc_Gabi/Ultrasound/DatasetDecomposite/normal/normal (18)_color_threshold_idx_1_chunck_-1_region_-1_labels_-1_G.png, 1:8.80236138276183, 2:0.9112195630398976, 3:0.9937480507756734, 4:0.9955491254767057, 
C:/Users/windows/Documents/Tcc_Gabi/Ultrasound/DatasetDecomposite/normal/normal (19)_color_threshold_idx_0_chunck_4_region_-1_labels_-1_G.png, 1:0.9322026627774174, 2:0.9315553754712088, 3:0.9920348949822593, 4:0.9953957714421446, 
C:/Users/windows/Documents/Tcc_Gabi/Ultrasound/DatasetDecomposite/normal/normal (2)_color_threshold_idx_2_chunck_2_region_-1_labels_-1_G.png, 1:8.336955390893223, 2:0.954632890783092, 3:0.9864714106864962, 4:0.9902476552217642, 
C:/Users/windows/Documents/Tcc_Gabi/Ultrasound/DatasetDecomposite/normal/normal (20)_color_threshold_idx_1_chunck_31_region_112_labels_3_G.png, 1:3.8115746211148216, 2:0.9911475354806927, 3:0.9570826447417133, 4:0.9756884400324369, 
C:/Users/windows/Documents/Tcc_Gabi/Ultrasound/DatasetDecomposite/normal/normal (21)_color_threshold_idx_1_chunck_13_region_99_labels_3_G.png, 1:17.692109484182442, 2:0.9575519680362926, 3:0.9645702034644633, 4:0.9741136925539513, 
C:/Users/windows/Documents/Tcc_Gabi/Ultrasound/DatasetDecomposite/normal/normal (21)_color_threshold_idx_2_chunck_1_region_-1_labels_-1_G.png, 1:2.2596874602972936, 2:0.9423857255922448, 3:0.9973002319148877, 4:0.9980868677286681, 
C:/Users/windows/Documents/Tcc_Gabi/Ultrasound/DatasetDecomposite/normal/normal (22)_color_threshold_idx_2_chunck_0_region_102_labels_0_G.png, 1:34.65863613545971, 2:0.9822313055250994, 3:0.5110810012447585, 4:0.7217548043793494, 
C:/Users/windows/Documents/Tcc_Gabi/Ultrasound/DatasetDecomposite/normal/normal (23)_color_threshold_idx_1_chunck_1_region_64_labels_0_G.png, 1:11.945494918671498, 2:0.9677651884249582, 3:0.9662278057376588, 4:0.9792985410332408, 
C:/Users/windows/Documents/Tcc_Gabi/Ultrasound/DatasetDecomposite/normal/normal (24)_color_threshold_idx_0_chunck_7_region_113_labels_3_G.png, 1:1.1789821989528797, 2:0.9778361893178212, 3:0.9691661411841137, 4:0.9821020333589981, 
C:/Users/windows/Documents/Tcc_Gabi/Ultrasound/DatasetDecomposite/normal/normal (24)_color_threshold_idx_2_chunck_0_region_-1_labels_-1_G.png, 1:1.5680726003490402, 2:0.9508562564056862, 3:0.9977829070902691, 4:0.9984438507683476, 
C:/Users/windows/Documents/Tcc_Gabi/Ultrasound/DatasetDecomposite/normal/normal (25)_color_threshold_idx_1_chunck_5_region_181_labels_0_G.png, 1:14.825771251515556, 2:0.984040136877724, 3:0.9023213204590625, 4:0.9385176946312052, 
C:/Users/windows/Documents/Tcc_Gabi/Ultrasound/DatasetDecomposite/normal/normal (25)_color_threshold_idx_1_chunck_7_region_181_labels_0_G.png, 1:2.7287888993668328, 2:0.9830810446395293, 3:0.9790185712265896, 4:0.9874702390235643, 
C:/Users/windows/Documents/Tcc_Gabi/Ultrasound/DatasetDecomposite/normal/normal (26)_color_threshold_idx_2_chunck_1_region_1_labels_0_G.png, 1:42.21226594301221, 2:0.9791329028910427, 3:0.5743134667911928, 4:0.7531854137458759, 
C:/Users/windows/Documents/Tcc_Gabi/Ultrasound/DatasetDecomposite/normal/normal (27)_color_threshold_idx_2_chunck_3_region_1_labels_1_G.png, 1:14.06832581496897, 2:0.9866701125242778, 3:0.82328440856847, 4:0.9042287912833863, 
C:/Users/windows/Documents/Tcc_Gabi/Ultrasound/DatasetDecomposite/normal/normal (28)_color_threshold_idx_1_chunck_15_region_-1_labels_-1_G.png, 1:1.0118229742368845, 2:0.9786455320634484, 3:0.9935890438636534, 4:0.9955134928175029, 
C:/Users/windows/Documents/Tcc_Gabi/Ultrasound/DatasetDecomposite/normal/normal (28)_color_threshold_idx_1_chunck_18_region_-1_labels_-1_G.png, 1:0.4125839639486439, 2:0.984322838152964, 3:0.9973152901344043, 4:0.998126942095168, 
C:/Users/windows/Documents/Tcc_Gabi/Ultrasound/DatasetDecomposite/normal/normal (29)_color_threshold_idx_1_chunck_2_region_1_labels_0_G.png, 1:4.607706034451364, 2:0.9667701198698118, 3:0.9856515755129589, 4:0.9910330091488252, 
C:/Users/windows/Documents/Tcc_Gabi/Ultrasound/DatasetDecomposite/normal/normal (3)_color_threshold_idx_1_chunck_1_region_13_labels_0_G.png, 1:1.2454218437068578, 2:0.9782635184398192, 3:0.9910674681249247, 4:0.9944295227770196, 
C:/Users/windows/Documents/Tcc_Gabi/Ultrasound/DatasetDecomposite/normal/normal (30)_color_threshold_idx_0_chunck_5_region_80_labels_1_G.png, 1:1.9208951340098879, 2:0.9299924981862125, 3:0.9755978547821413, 4:0.9847984275037748, 
C:/Users/windows/Documents/Tcc_Gabi/Ultrasound/DatasetDecomposite/normal/normal (31)_color_threshold_idx_2_chunck_-1_region_49_labels_0_G.png, 1:15.837612000402698, 2:0.9736651602054694, 3:0.8770778291226562, 4:0.9275767117563112, 
C:/Users/windows/Documents/Tcc_Gabi/Ultrasound/DatasetDecomposite/normal/normal (32)_color_threshold_idx_0_chunck_-1_region_-1_labels_-1_G.png, 1:0.665130874024185, 2:0.9191693717091385, 3:0.9963531840616906, 4:0.9977750250163574, 
C:/Users/windows/Documents/Tcc_Gabi/Ultrasound/DatasetDecomposite/normal/normal (32)_color_threshold_idx_1_chunck_27_region_-1_labels_-1_G.png, 1:2.2976044696157967, 2:0.9411686544402407, 3:0.9975049887634475, 4:0.9982110511071325, 
C:/Users/windows/Documents/Tcc_Gabi/Ultrasound/DatasetDecomposite/normal/normal (33)_color_threshold_idx_2_chunck_9_region_98_labels_3_G.png, 1:31.921644215739658, 2:0.9867440068813255, 3:0.6190558507464015, 4:0.7820325359195555, 
C:/Users/windows/Documents/Tcc_Gabi/Ultrasound/DatasetDecomposite/normal/normal (34)_color_threshold_idx_1_chunck_0_region_37_labels_0_G.png, 1:9.011318194801486, 2:0.976788608164914, 3:0.9608542653854257, 4:0.9756394653595698, 
C:/Users/windows/Documents/Tcc_Gabi/Ultrasound/DatasetDecomposite/normal/normal (35)_color_threshold_idx_1_chunck_3_region_1_labels_0_G.png, 1:2.116529589714502, 2:0.9882985606564265, 3:0.9710182835001372, 4:0.9867451963790373, 
C:/Users/windows/Documents/Tcc_Gabi/Ultrasound/DatasetDecomposite/normal/normal (36)_color_threshold_idx_1_chunck_15_region_207_labels_1_G.png, 1:3.6145499383477184, 2:0.9915948839564239, 3:0.9451282210336096, 4:0.9729063619708828, 
C:/Users/windows/Documents/Tcc_Gabi/Ultrasound/DatasetDecomposite/normal/normal (36)_color_threshold_idx_2_chunck_4_region_1_labels_1_G.png, 1:8.381574275695009, 2:0.9801246311486492, 3:0.9597363885112089, 4:0.975474834472649, 
C:/Users/windows/Documents/Tcc_Gabi/Ultrasound/DatasetDecomposite/normal/normal (37)_color_threshold_idx_1_chunck_11_region_-1_labels_-1_G.png, 1:0.9041577612986407, 2:0.9724731211387362, 3:0.9930276459376248, 4:0.9961786895832588, 
C:/Users/windows/Documents/Tcc_Gabi/Ultrasound/DatasetDecomposite/normal/normal (38)_color_threshold_idx_1_chunck_4_region_61_labels_1_G.png, 1:20.207198554946384, 2:0.9779456133687495, 3:0.9187402267502998, 4:0.9435727311973057, 
C:/Users/windows/Documents/Tcc_Gabi/Ultrasound/DatasetDecomposite/normal/normal (39)_color_threshold_idx_1_chunck_1_region_10_labels_0_G.png, 1:17.361659046934133, 2:0.9887574766310012, 3:0.8378273697471227, 4:0.8953559728846834, 
C:/Users/windows/Documents/Tcc_Gabi/Ultrasound/DatasetDecomposite/normal/normal (4)_color_threshold_idx_1_chunck_10_region_46_labels_1_G.png, 1:13.646718686356413, 2:0.9825624211046613, 3:0.9384099876959905, 4:0.9586083956429775, 
C:/Users/windows/Documents/Tcc_Gabi/Ultrasound/DatasetDecomposite/normal/normal (40)_color_threshold_idx_2_chunck_1_region_1_labels_1_G.png, 1:27.93920461029328, 2:0.9889022934328354, 3:0.47350660255374105, 4:0.686131519893379, 
C:/Users/windows/Documents/Tcc_Gabi/Ultrasound/DatasetDecomposite/normal/normal (41)_color_threshold_idx_2_chunck_3_region_54_labels_0_G.png, 1:4.646839912280702, 2:0.9910370251465732, 3:0.9083285310173186, 4:0.9423586806851665, 
C:/Users/windows/Documents/Tcc_Gabi/Ultrasound/DatasetDecomposite/normal/normal (42)_color_threshold_idx_1_chunck_6_region_115_labels_1_G.png, 1:18.77659359683149, 2:0.9588486714241857, 3:0.9607150314685969, 4:0.9727850529088485, 
C:/Users/windows/Documents/Tcc_Gabi/Ultrasound/DatasetDecomposite/normal/normal (42)_color_threshold_idx_2_chunck_10_region_114_labels_2_G.png, 1:0.9605461551348634, 2:0.9905765120696224, 3:0.9810863109805752, 4:0.9881156182843761, 
C:/Users/windows/Documents/Tcc_Gabi/Ultrasound/DatasetDecomposite/normal/normal (43)_color_threshold_idx_0_chunck_4_region_13_labels_1_G.png, 1:0.6897975647151109, 2:0.9326434801982942, 3:0.9923564529472115, 4:0.9950590150657531, 
C:/Users/windows/Documents/Tcc_Gabi/Ultrasound/DatasetDecomposite/normal/normal (44)_color_threshold_idx_1_chunck_3_region_74_labels_0_G.png, 1:6.572647334355307, 2:0.9895764915709546, 3:0.9287672455755642, 4:0.9539462998517864, 
C:/Users/windows/Documents/Tcc_Gabi/Ultrasound/DatasetDecomposite/normal/normal (45)_color_threshold_idx_1_chunck_15_region_110_labels_3_G.png, 1:10.926645321331288, 2:0.9726677114224663, 3:0.9714366538549276, 4:0.9808128871989389, 
C:/Users/windows/Documents/Tcc_Gabi/Ultrasound/DatasetDecomposite/normal/normal (45)_color_threshold_idx_1_chunck_2_region_-1_labels_-1_G.png, 1:5.659310201013976, 2:0.9795719117409979, 3:0.9816520021600291, 4:0.9881180680366979, 
C:/Users/windows/Documents/Tcc_Gabi/Ultrasound/DatasetDecomposite/normal/normal (46)_color_threshold_idx_0_chunck_6_region_26_labels_3_G.png, 1:11.758360763660303, 2:0.9401641963352517, 3:0.6825909691631367, 4:0.8035837398897941, 
C:/Users/windows/Documents/Tcc_Gabi/Ultrasound/DatasetDecomposite/normal/normal (46)_color_threshold_idx_1_chunck_5_region_30_labels_1_G.png, 1:11.069815668202766, 2:0.9256234372909501, 3:0.9905531628832198, 4:0.9926478630114894, 
C:/Users/windows/Documents/Tcc_Gabi/Ultrasound/DatasetDecomposite/normal/normal (47)_color_threshold_idx_1_chunck_11_region_55_labels_1_G.png, 1:6.006471696567543, 2:0.9534135912953581, 3:0.9860327834109428, 4:0.989075486949716, 
C:/Users/windows/Documents/Tcc_Gabi/Ultrasound/DatasetDecomposite/normal/normal (48)_color_threshold_idx_2_chunck_7_region_4_labels_3_G.png, 1:44.9953275624631, 2:0.9759308921366187, 3:0.5037246939383275, 4:0.6372648234705621, 
C:/Users/windows/Documents/Tcc_Gabi/Ultrasound/DatasetDecomposite/normal/normal (49)_color_threshold_idx_2_chunck_2_region_-1_labels_-1_G.png, 1:12.51994872616568, 2:0.9528502481862718, 3:0.9816539426665187, 4:0.985874816131748, 
C:/Users/windows/Documents/Tcc_Gabi/Ultrasound/DatasetDecomposite/normal/normal (5)_color_threshold_idx_1_chunck_1_region_-1_labels_-1_G.png, 1:12.781863618504609, 2:0.979303112160037, 3:0.9515711355748661, 4:0.9701478492672156, 
C:/Users/windows/Documents/Tcc_Gabi/Ultrasound/DatasetDecomposite/normal/normal (50)_color_threshold_idx_0_chunck_5_region_9_labels_1_G.png, 1:0.8743090504083821, 2:0.9129467159793646, 3:0.9686198428655683, 4:0.9828043163371647, 
C:/Users/windows/Documents/Tcc_Gabi/Ultrasound/DatasetDecomposite/normal/normal (50)_color_threshold_idx_0_chunck_9_region_9_labels_3_G.png, 1:6.33885818001815, 2:0.9485853702628624, 3:0.7188390817702307, 4:0.8275497887362263, 
C:/Users/windows/Documents/Tcc_Gabi/Ultrasound/DatasetDecomposite/normal/normal (51)_color_threshold_idx_1_chunck_10_region_65_labels_2_G.png, 1:64.30780529209875, 2:0.9661993020232202, 3:0.7621384012027522, 4:0.8317387888992701, 
C:/Users/windows/Documents/Tcc_Gabi/Ultrasound/DatasetDecomposite/normal/normal (52)_color_threshold_idx_0_chunck_0_region_42_labels_0_G.png, 1:6.95602544561503, 2:0.9719889671069528, 3:0.6105389805204682, 4:0.7585193796460198, 
C:/Users/windows/Documents/Tcc_Gabi/Ultrasound/DatasetDecomposite/normal/normal (53)_color_threshold_idx_0_chunck_0_region_13_labels_0_G.png, 1:6.835987001110459, 2:0.9675982698328666, 3:0.5049109964258124, 4:0.7616302050351316, 
C:/Users/windows/Documents/Tcc_Gabi/Ultrasound/DatasetDecomposite/normal/normal (54)_color_threshold_idx_2_chunck_2_region_-1_labels_-1_G.png, 1:3.607690498243138, 2:0.9423393316069055, 3:0.9947588521270554, 4:0.9962204308107405, 
C:/Users/windows/Documents/Tcc_Gabi/Ultrasound/DatasetDecomposite/normal/normal (55)_color_threshold_idx_1_chunck_-1_region_4_labels_0_G.png, 1:23.98364078594558, 2:0.9713437585525474, 3:0.9233765329342023, 4:0.9436294759434628, 
C:/Users/windows/Documents/Tcc_Gabi/Ultrasound/DatasetDecomposite/normal/normal (56)_color_threshold_idx_1_chunck_16_region_-1_labels_-1_G.png, 1:2.1477409387371726, 2:0.9577425672711224, 3:0.9963899984805583, 4:0.9974696668557316, 
C:/Users/windows/Documents/Tcc_Gabi/Ultrasound/DatasetDecomposite/normal/normal (57)_color_threshold_idx_1_chunck_2_region_4_labels_1_G.png, 1:8.874715516919746, 2:0.9365590768075205, 3:0.9893893915256976, 4:0.9921656948965758, 
C:/Users/windows/Documents/Tcc_Gabi/Ultrasound/DatasetDecomposite/normal/normal (57)_color_threshold_idx_2_chunck_0_region_4_labels_0_G.png, 1:56.39004589038541, 2:0.9661441404330388, 3:0.23725326552404133, 4:0.5086995237829094, 
C:/Users/windows/Documents/Tcc_Gabi/Ultrasound/DatasetDecomposite/normal/normal (58)_color_threshold_idx_1_chunck_7_region_28_labels_1_G.png, 1:16.471915369219968, 2:0.9783336700999361, 3:0.9109348795726865, 4:0.9380155942086698, 
C:/Users/windows/Documents/Tcc_Gabi/Ultrasound/DatasetDecomposite/normal/normal (59)_color_threshold_idx_1_chunck_7_region_34_labels_1_G.png, 1:2.1938395258449885, 2:0.9838011447850049, 3:0.981153238339175, 4:0.9878657727488069, 
C:/Users/windows/Documents/Tcc_Gabi/Ultrasound/DatasetDecomposite/normal/normal (59)_color_threshold_idx_1_chunck_8_region_34_labels_2_G.png, 1:16.233555488108184, 2:0.9754970502759555, 3:0.9456442484960044, 4:0.9655891930867588, 
C:/Users/windows/Documents/Tcc_Gabi/Ultrasound/DatasetDecomposite/normal/normal (6)_color_threshold_idx_0_chunck_3_region_-1_labels_-1_G.png, 1:1.9660559739237946, 2:0.9756096453514517, 3:0.9594540172336689, 4:0.9793554435810398, 
C:/Users/windows/Documents/Tcc_Gabi/Ultrasound/DatasetDecomposite/normal/normal (60)_color_threshold_idx_2_chunck_7_region_33_labels_1_G.png, 1:10.512853547235478, 2:0.9759965093543277, 3:0.9561793065461125, 4:0.9696386125557955, 
C:/Users/windows/Documents/Tcc_Gabi/Ultrasound/DatasetDecomposite/normal/normal (61)_color_threshold_idx_1_chunck_1_region_-1_labels_-1_G.png, 1:2.377192030149484, 2:0.9646816726227203, 3:0.9951878318350109, 4:0.9970049033259233, 
C:/Users/windows/Documents/Tcc_Gabi/Ultrasound/DatasetDecomposite/normal/normal (62)_color_threshold_idx_2_chunck_1_region_-1_labels_-1_G.png, 1:3.7065151555052274, 2:0.9276712331039684, 3:0.9967850242858171, 4:0.9978561281029492, 
C:/Users/windows/Documents/Tcc_Gabi/Ultrasound/DatasetDecomposite/normal/normal (63)_color_threshold_idx_1_chunck_1_region_-1_labels_-1_G.png, 1:2.1839465782968563, 2:0.9430611788834888, 3:0.9973666072963082, 4:0.9981798663825395, 
C:/Users/windows/Documents/Tcc_Gabi/Ultrasound/DatasetDecomposite/normal/normal (64)_color_threshold_idx_1_chunck_12_region_-1_labels_-1_G.png, 1:1.786897895259559, 2:0.949507033471275, 3:0.9975438440987672, 4:0.998232902091292, 
C:/Users/windows/Documents/Tcc_Gabi/Ultrasound/DatasetDecomposite/normal/normal (64)_color_threshold_idx_2_chunck_-1_region_-1_labels_-1_G.png, 1:4.018587417395622, 2:0.9164379005567739, 3:0.997211538224892, 4:0.9981093024159511, 
C:/Users/windows/Documents/Tcc_Gabi/Ultrasound/DatasetDecomposite/normal/normal (65)_color_threshold_idx_1_chunck_16_region_-1_labels_-1_G.png, 1:1.1121626937298403, 2:0.9913140893649751, 3:0.9871741065752669, 4:0.9921448904161329, 
C:/Users/windows/Documents/Tcc_Gabi/Ultrasound/DatasetDecomposite/normal/normal (66)_color_threshold_idx_1_chunck_6_region_89_labels_1_G.png, 1:21.830738705738703, 2:0.9751274216409181, 3:0.931330628015273, 4:0.9548824597142717, 
C:/Users/windows/Documents/Tcc_Gabi/Ultrasound/DatasetDecomposite/normal/normal (66)_color_threshold_idx_2_chunck_5_region_82_labels_1_G.png, 1:20.97616758241758, 2:0.9759249088545765, 3:0.9318037061113041, 4:0.9554290777145521, 
C:/Users/windows/Documents/Tcc_Gabi/Ultrasound/DatasetDecomposite/normal/normal (67)_color_threshold_idx_1_chunck_-1_region_4_labels_0_G.png, 1:51.5432749671877, 2:0.9828630919993288, 3:0.7360779323623168, 4:0.804445921791036, 
C:/Users/windows/Documents/Tcc_Gabi/Ultrasound/DatasetDecomposite/normal/normal (68)_color_threshold_idx_1_chunck_9_region_4_labels_3_G.png, 1:30.98193263089737, 2:0.9710563615813153, 3:0.8936198687118333, 4:0.9214195412643429, 
C:/Users/windows/Documents/Tcc_Gabi/Ultrasound/DatasetDecomposite/normal/normal (69)_color_threshold_idx_1_chunck_5_region_30_labels_1_G.png, 1:14.73417318756128, 2:0.9770518608872631, 3:0.9279954647983956, 4:0.9499588836300261, 
C:/Users/windows/Documents/Tcc_Gabi/Ultrasound/DatasetDecomposite/normal/normal (7)_color_threshold_idx_0_chunck_6_region_-1_labels_-1_G.png, 1:0.6147710979960654, 2:0.9543158511958117, 3:0.9945651928881577, 4:0.9972694399212142, 
C:/Users/windows/Documents/Tcc_Gabi/Ultrasound/DatasetDecomposite/normal/normal (7)_color_threshold_idx_2_chunck_7_region_160_labels_0_G.png, 1:2.199695464194814, 2:0.9797414387236868, 3:0.9766697212173354, 4:0.9883623323652054, 
C:/Users/windows/Documents/Tcc_Gabi/Ultrasound/DatasetDecomposite/normal/normal (70)_color_threshold_idx_2_chunck_2_region_14_labels_1_G.png, 1:18.916219890329774, 2:0.974672025109784, 3:0.9418614372268215, 4:0.9609076354011664, 
C:/Users/windows/Documents/Tcc_Gabi/Ultrasound/DatasetDecomposite/normal/normal (71)_color_threshold_idx_2_chunck_15_region_-1_labels_-1_G.png, 1:3.518283843815759, 2:0.9038778887951545, 3:0.9972683480465634, 4:0.997855374470297, 
C:/Users/windows/Documents/Tcc_Gabi/Ultrasound/DatasetDecomposite/normal/normal (72)_color_threshold_idx_1_chunck_12_region_1_labels_1_G.png, 1:2.5299488297166683, 2:0.989704708308969, 3:0.9694833518053532, 4:0.984426878605707, 
C:/Users/windows/Documents/Tcc_Gabi/Ultrasound/DatasetDecomposite/normal/normal (72)_color_threshold_idx_2_chunck_5_region_1_labels_1_G.png, 1:2.824602798572286, 2:0.9847615868125644, 3:0.9775172633095048, 4:0.9881661157709943, 
C:/Users/windows/Documents/Tcc_Gabi/Ultrasound/DatasetDecomposite/normal/normal (73)_color_threshold_idx_1_chunck_8_region_-1_labels_-1_G.png, 1:2.9679889697332134, 2:0.9819388323134624, 3:0.9743151393811257, 4:0.9835543656459732, 
C:/Users/windows/Documents/Tcc_Gabi/Ultrasound/DatasetDecomposite/normal/normal (74)_color_threshold_idx_1_chunck_3_region_-1_labels_-1_G.png, 1:9.32728481964024, 2:0.9645734152517416, 3:0.9848036843782777, 4:0.990104699728066, 
C:/Users/windows/Documents/Tcc_Gabi/Ultrasound/DatasetDecomposite/normal/normal (74)_color_threshold_idx_1_chunck_6_region_389_labels_0_G.png, 1:8.060587654112158, 2:0.9847425448350383, 3:0.9472348994820681, 4:0.9673301615318453, 
C:/Users/windows/Documents/Tcc_Gabi/Ultrasound/DatasetDecomposite/normal/normal (75)_color_threshold_idx_0_chunck_7_region_173_labels_1_G.png, 1:1.0509597391824372, 2:0.9600403180342977, 3:0.9905012706606144, 4:0.9944812928767229, 
C:/Users/windows/Documents/Tcc_Gabi/Ultrasound/DatasetDecomposite/normal/normal (75)_color_threshold_idx_1_chunck_9_region_7_labels_1_G.png, 1:2.326106834886278, 2:0.9714679498190616, 3:0.9901731585501262, 4:0.993487131715427, 
C:/Users/windows/Documents/Tcc_Gabi/Ultrasound/DatasetDecomposite/normal/normal (76)_color_threshold_idx_2_chunck_6_region_-1_labels_-1_G.png, 1:3.389857058185093, 2:0.9609423991232894, 3:0.9941538169899928, 4:0.9957539271579833, 
C:/Users/windows/Documents/Tcc_Gabi/Ultrasound/DatasetDecomposite/normal/normal (77)_color_threshold_idx_1_chunck_5_region_181_labels_1_G.png, 1:6.643179168138434, 2:0.9795732118785845, 3:0.9724264372639244, 4:0.9822269630750574, 
C:/Users/windows/Documents/Tcc_Gabi/Ultrasound/DatasetDecomposite/normal/normal (78)_color_threshold_idx_2_chunck_10_region_1_labels_2_G.png, 1:15.02677537685562, 2:0.9878233044599785, 3:0.8869522731930946, 4:0.9283826309108479, 
C:/Users/windows/Documents/Tcc_Gabi/Ultrasound/DatasetDecomposite/normal/normal (79)_color_threshold_idx_1_chunck_2_region_1_labels_0_G.png, 1:20.620148075562096, 2:0.9823191730799514, 3:0.885647384532456, 4:0.9223207214355125, 
C:/Users/windows/Documents/Tcc_Gabi/Ultrasound/DatasetDecomposite/normal/normal (79)_color_threshold_idx_1_chunck_3_region_1_labels_0_G.png, 1:4.2488098910604215, 2:0.9810899902481923, 3:0.9785030979022753, 4:0.9864592729121964, 
C:/Users/windows/Documents/Tcc_Gabi/Ultrasound/DatasetDecomposite/normal/normal (8)_color_threshold_idx_1_chunck_16_region_47_labels_3_G.png, 1:24.72247093573507, 2:0.9824955691589822, 3:0.8962328765144533, 4:0.9382943201671878, 
C:/Users/windows/Documents/Tcc_Gabi/Ultrasound/DatasetDecomposite/normal/normal (80)_color_threshold_idx_1_chunck_1_region_-1_labels_-1_G.png, 1:3.637880684188569, 2:0.9089508237035476, 3:0.9976561847123454, 4:0.9983565343044327, 
C:/Users/windows/Documents/Tcc_Gabi/Ultrasound/DatasetDecomposite/normal/normal (81)_color_threshold_idx_0_chunck_8_region_-1_labels_-1_G.png, 1:0.4081180138866031, 2:0.9736413049147233, 3:0.9896566699046241, 4:0.9949398217798403, 
C:/Users/windows/Documents/Tcc_Gabi/Ultrasound/DatasetDecomposite/normal/normal (81)_color_threshold_idx_1_chunck_14_region_71_labels_2_G.png, 1:26.42511375716681, 2:0.9784097827743231, 3:0.8690301583523689, 4:0.9217670148040733, 
C:/Users/windows/Documents/Tcc_Gabi/Ultrasound/DatasetDecomposite/normal/normal (82)_color_threshold_idx_1_chunck_7_region_166_labels_0_G.png, 1:6.03821690136538, 2:0.9498752632170262, 3:0.9907918193290637, 4:0.9938931587933715, 
C:/Users/windows/Documents/Tcc_Gabi/Ultrasound/DatasetDecomposite/normal/normal (82)_color_threshold_idx_2_chunck_2_region_-1_labels_-1_G.png, 1:6.862116416678134, 2:0.9386567862697431, 3:0.9932458445425532, 4:0.995557402451924, 
C:/Users/windows/Documents/Tcc_Gabi/Ultrasound/DatasetDecomposite/normal/normal (83)_color_threshold_idx_1_chunck_-1_region_-1_labels_-1_G.png, 1:8.182977121539015, 2:0.9331442634043157, 3:0.9928057253248157, 4:0.9955024410718276, 
C:/Users/windows/Documents/Tcc_Gabi/Ultrasound/DatasetDecomposite/normal/normal (84)_color_threshold_idx_2_chunck_12_region_107_labels_3_G.png, 1:5.4483319302068365, 2:0.9875326687495591, 3:0.9180853377597948, 4:0.9541178209271156, 
C:/Users/windows/Documents/Tcc_Gabi/Ultrasound/DatasetDecomposite/normal/normal (85)_color_threshold_idx_2_chunck_3_region_2_labels_0_G.png, 1:38.37529459191267, 2:0.9749064478459072, 3:0.7553784603802774, 4:0.8387505772845709, 
C:/Users/windows/Documents/Tcc_Gabi/Ultrasound/DatasetDecomposite/normal/normal (85)_color_threshold_idx_2_chunck_4_region_2_labels_0_G.png, 1:30.220688104688662, 2:0.979465163358589, 3:0.625829150533251, 4:0.7699458624569716, 
C:/Users/windows/Documents/Tcc_Gabi/Ultrasound/DatasetDecomposite/normal/normal (86)_color_threshold_idx_2_chunck_13_region_113_labels_1_G.png, 1:8.982621246889739, 2:0.9877752266461276, 3:0.8994474155665522, 4:0.9453839508648003, 
C:/Users/windows/Documents/Tcc_Gabi/Ultrasound/DatasetDecomposite/normal/normal (87)_color_threshold_idx_0_chunck_3_region_174_labels_1_G.png, 1:6.092749410260496, 2:0.9808801195052352, 3:0.6356940128614021, 4:0.8222168608956623, 
C:/Users/windows/Documents/Tcc_Gabi/Ultrasound/DatasetDecomposite/normal/normal (87)_color_threshold_idx_1_chunck_8_region_27_labels_1_G.png, 1:5.299482739189405, 2:0.9636236931237869, 3:0.9809579176513551, 4:0.987359846887322, 
C:/Users/windows/Documents/Tcc_Gabi/Ultrasound/DatasetDecomposite/normal/normal (88)_color_threshold_idx_1_chunck_7_region_5_labels_1_G.png, 1:23.11808343346844, 2:0.9683766743044733, 3:0.9242325475228068, 4:0.9471556852557244, 
C:/Users/windows/Documents/Tcc_Gabi/Ultrasound/DatasetDecomposite/normal/normal (89)_color_threshold_idx_0_chunck_2_region_25_labels_1_G.png, 1:1.8058196440859762, 2:0.9848099977137174, 3:0.9101465053526739, 4:0.956555895179138, 
C:/Users/windows/Documents/Tcc_Gabi/Ultrasound/DatasetDecomposite/normal/normal (9)_color_threshold_idx_1_chunck_15_region_26_labels_3_G.png, 1:9.660537447331315, 2:0.9439904905663798, 3:0.980783904168495, 4:0.98536883603565, 
C:/Users/windows/Documents/Tcc_Gabi/Ultrasound/DatasetDecomposite/normal/normal (90)_color_threshold_idx_2_chunck_1_region_14_labels_1_G.png, 1:26.306784618057566, 2:0.9723073552764545, 3:0.9245245216385476, 4:0.9461197677165918, 
C:/Users/windows/Documents/Tcc_Gabi/Ultrasound/DatasetDecomposite/normal/normal (91)_color_threshold_idx_2_chunck_10_region_17_labels_2_G.png, 1:32.303381997880564, 2:0.985588310967943, 3:0.24940712959129085, 4:0.5121591468028346, 
C:/Users/windows/Documents/Tcc_Gabi/Ultrasound/DatasetDecomposite/normal/normal (92)_color_threshold_idx_2_chunck_10_region_18_labels_2_G.png, 1:24.24294346586893, 2:0.9902149513959042, 3:0.3757559521819847, 4:0.5929640836715596, 
C:/Users/windows/Documents/Tcc_Gabi/Ultrasound/DatasetDecomposite/normal/normal (93)_color_threshold_idx_2_chunck_14_region_201_labels_2_G.png, 1:13.000177734981394, 2:0.9868876103243154, 3:0.8915955578873451, 4:0.9365480419438393, 
C:/Users/windows/Documents/Tcc_Gabi/Ultrasound/DatasetDecomposite/normal/normal (94)_color_threshold_idx_1_chunck_6_region_82_labels_1_G.png, 1:6.440374199901528, 2:0.9727494281272339, 3:0.9779903271291053, 4:0.9852322893461855, 
C:/Users/windows/Documents/Tcc_Gabi/Ultrasound/DatasetDecomposite/normal/normal (95)_color_threshold_idx_1_chunck_0_region_82_labels_0_G.png, 1:23.58928748783346, 2:0.9854559552876608, 3:0.8121690468733032, 4:0.8877472082547889, 
C:/Users/windows/Documents/Tcc_Gabi/Ultrasound/DatasetDecomposite/normal/normal (96)_color_threshold_idx_1_chunck_-1_region_-1_labels_-1_G.png, 1:3.6827251909167034, 2:0.9371313599330358, 3:0.9959673194992453, 4:0.997155492686018, 
C:/Users/windows/Documents/Tcc_Gabi/Ultrasound/DatasetDecomposite/normal/normal (96)_color_threshold_idx_1_chunck_1_region_-1_labels_-1_G.png, 1:8.174503414811303, 2:0.9665408060200052, 3:0.9809893879947119, 4:0.9873112781628479, 
C:/Users/windows/Documents/Tcc_Gabi/Ultrasound/DatasetDecomposite/normal/normal (97)_color_threshold_idx_1_chunck_6_region_116_labels_0_G.png, 1:21.403166749134094, 2:0.9813675303942566, 3:0.8747759274026042, 4:0.9166428404271194, 
C:/Users/windows/Documents/Tcc_Gabi/Ultrasound/DatasetDecomposite/normal/normal (98)_color_threshold_idx_1_chunck_5_region_113_labels_0_G.png, 1:19.507293207418364, 2:0.9855047911368668, 3:0.8553456487994017, 4:0.9034621061193268, 
C:/Users/windows/Documents/Tcc_Gabi/Ultrasound/DatasetDecomposite/normal/normal (99)_color_threshold_idx_0_chunck_-1_region_-1_labels_-1_G.png, 1:1.245075845075845, 2:0.9616474210846921, 3:0.984981842375203, 4:0.9912254712308491, 
