dark purple, light purple, dark blue, light blue, dark green, light green, yellow, orange, dark red, light red, white
C:/Users/windows/Documents/Tcc_Gabi/Ultrasound/DatasetDecomposite/normal/normal (10)_color_threshold_idx_1_chunck_7_region_29_labels_1_G.png, 1:0, 2:5, 3:51, 4:1107, 5:815, 6:748, 7:156, 8:24, 9:0, 10:0, 11:0, 12:0, 13:0, 
C:/Users/windows/Documents/Tcc_Gabi/Ultrasound/DatasetDecomposite/normal/normal (100)_color_threshold_idx_2_chunck_3_region_1_labels_0_G.png, 1:153, 2:22510, 3:5812, 4:4494, 5:1158, 6:349, 7:32, 8:5, 9:0, 10:0, 11:0, 12:0, 13:0, 
C:/Users/windows/Documents/Tcc_Gabi/Ultrasound/DatasetDecomposite/normal/normal (101)_color_threshold_idx_0_chunck_2_region_-1_labels_-1_G.png, 1:875, 2:32467, 3:46907, 4:4155, 5:31, 6:0, 7:0, 8:0, 9:0, 10:0, 11:0, 12:0, 13:0, 
C:/Users/windows/Documents/Tcc_Gabi/Ultrasound/DatasetDecomposite/normal/normal (102)_color_threshold_idx_1_chunck_16_region_116_labels_3_G.png, 1:0, 2:0, 3:312, 4:4795, 5:4702, 6:2221, 7:48, 8:0, 9:0, 10:0, 11:0, 12:0, 13:0, 
C:/Users/windows/Documents/Tcc_Gabi/Ultrasound/DatasetDecomposite/normal/normal (103)_color_threshold_idx_1_chunck_6_region_82_labels_1_G.png, 1:0, 2:0, 3:1515, 4:13424, 5:7812, 6:5642, 7:120, 8:0, 9:0, 10:0, 11:0, 12:0, 13:0, 
C:/Users/windows/Documents/Tcc_Gabi/Ultrasound/DatasetDecomposite/normal/normal (104)_color_threshold_idx_1_chunck_9_region_6_labels_1_G.png, 1:0, 2:0, 3:0, 4:384, 5:955, 6:898, 7:47, 8:0, 9:0, 10:0, 11:0, 12:0, 13:0, 
C:/Users/windows/Documents/Tcc_Gabi/Ultrasound/DatasetDecomposite/normal/normal (105)_color_threshold_idx_1_chunck_-1_region_-1_labels_-1_G.png, 1:0, 2:0, 3:0, 4:24, 5:92, 6:682, 7:13, 8:0, 9:0, 10:0, 11:0, 12:0, 13:0, 
C:/Users/windows/Documents/Tcc_Gabi/Ultrasound/DatasetDecomposite/normal/normal (106)_color_threshold_idx_2_chunck_3_region_16_labels_1_G.png, 1:0, 2:397, 3:1770, 4:4762, 5:5992, 6:11227, 7:1565, 8:174, 9:0, 10:0, 11:0, 12:0, 13:0, 
C:/Users/windows/Documents/Tcc_Gabi/Ultrasound/DatasetDecomposite/normal/normal (107)_color_threshold_idx_1_chunck_13_region_7_labels_1_G.png, 1:0, 2:0, 3:42, 4:2107, 5:1976, 6:1670, 7:65, 8:0, 9:0, 10:0, 11:0, 12:0, 13:0, 
C:/Users/windows/Documents/Tcc_Gabi/Ultrasound/DatasetDecomposite/normal/normal (108)_color_threshold_idx_1_chunck_-1_region_-1_labels_-1_G.png, 1:0, 2:0, 3:0, 4:0, 5:546, 6:3609, 7:330, 8:51, 9:0, 10:0, 11:0, 12:0, 13:0, 
C:/Users/windows/Documents/Tcc_Gabi/Ultrasound/DatasetDecomposite/normal/normal (108)_color_threshold_idx_1_chunck_0_region_126_labels_0_G.png, 1:0, 2:0, 3:165, 4:4828, 5:5786, 6:7583, 7:161, 8:0, 9:0, 10:0, 11:0, 12:0, 13:0, 
C:/Users/windows/Documents/Tcc_Gabi/Ultrasound/DatasetDecomposite/normal/normal (109)_color_threshold_idx_1_chunck_6_region_7_labels_1_G.png, 1:0, 2:0, 3:0, 4:8, 5:728, 6:1354, 7:13, 8:0, 9:0, 10:0, 11:0, 12:0, 13:0, 
C:/Users/windows/Documents/Tcc_Gabi/Ultrasound/DatasetDecomposite/normal/normal (11)_color_threshold_idx_1_chunck_12_region_172_labels_2_G.png, 1:8, 2:3731, 3:9139, 4:21582, 5:19785, 6:18821, 7:3188, 8:837, 9:0, 10:0, 11:0, 12:0, 13:0, 
C:/Users/windows/Documents/Tcc_Gabi/Ultrasound/DatasetDecomposite/normal/normal (11)_color_threshold_idx_1_chunck_4_region_172_labels_0_G.png, 1:0, 2:21, 3:112, 4:2523, 5:2773, 6:3465, 7:156, 8:16, 9:0, 10:0, 11:0, 12:0, 13:0, 
C:/Users/windows/Documents/Tcc_Gabi/Ultrasound/DatasetDecomposite/normal/normal (110)_color_threshold_idx_1_chunck_20_region_-1_labels_-1_G.png, 1:0, 2:0, 3:94, 4:2929, 5:433, 6:40, 7:6, 8:0, 9:0, 10:0, 11:0, 12:0, 13:0, 
C:/Users/windows/Documents/Tcc_Gabi/Ultrasound/DatasetDecomposite/normal/normal (111)_color_threshold_idx_2_chunck_-1_region_1_labels_0_G.png, 1:0, 2:0, 3:54, 4:1899, 5:3159, 6:5547, 7:290, 8:0, 9:0, 10:0, 11:0, 12:0, 13:0, 
C:/Users/windows/Documents/Tcc_Gabi/Ultrasound/DatasetDecomposite/normal/normal (112)_color_threshold_idx_2_chunck_2_region_10_labels_0_G.png, 1:84, 2:4064, 3:9034, 4:17224, 5:15033, 6:11769, 7:1117, 8:198, 9:8, 10:0, 11:0, 12:0, 13:0, 
C:/Users/windows/Documents/Tcc_Gabi/Ultrasound/DatasetDecomposite/normal/normal (113)_color_threshold_idx_1_chunck_11_region_8_labels_1_G.png, 1:0, 2:3, 3:3655, 4:39576, 5:30916, 6:24306, 7:2596, 8:111, 9:0, 10:0, 11:86, 12:668, 13:96, 
C:/Users/windows/Documents/Tcc_Gabi/Ultrasound/DatasetDecomposite/normal/normal (114)_color_threshold_idx_1_chunck_4_region_1_labels_1_G.png, 1:0, 2:52, 3:372, 4:8230, 5:3629, 6:2072, 7:544, 8:205, 9:0, 10:0, 11:0, 12:0, 13:0, 
C:/Users/windows/Documents/Tcc_Gabi/Ultrasound/DatasetDecomposite/normal/normal (114)_color_threshold_idx_2_chunck_4_region_1_labels_1_G.png, 1:0, 2:344, 3:815, 4:1966, 5:1662, 6:1796, 7:20, 8:0, 9:0, 10:0, 11:0, 12:0, 13:0, 
C:/Users/windows/Documents/Tcc_Gabi/Ultrasound/DatasetDecomposite/normal/normal (115)_color_threshold_idx_0_chunck_2_region_-1_labels_-1_G.png, 1:306, 2:941, 3:874, 4:33, 5:0, 6:0, 7:0, 8:0, 9:0, 10:0, 11:0, 12:0, 13:0, 
C:/Users/windows/Documents/Tcc_Gabi/Ultrasound/DatasetDecomposite/normal/normal (115)_color_threshold_idx_1_chunck_-1_region_-1_labels_-1_G.png, 1:0, 2:0, 3:0, 4:162, 5:1060, 6:1661, 7:28, 8:0, 9:0, 10:0, 11:0, 12:0, 13:0, 
C:/Users/windows/Documents/Tcc_Gabi/Ultrasound/DatasetDecomposite/normal/normal (115)_color_threshold_idx_1_chunck_10_region_40_labels_1_G.png, 1:0, 2:0, 3:67, 4:1375, 5:1661, 6:1421, 7:322, 8:70, 9:0, 10:0, 11:0, 12:0, 13:0, 
C:/Users/windows/Documents/Tcc_Gabi/Ultrasound/DatasetDecomposite/normal/normal (116)_color_threshold_idx_1_chunck_10_region_156_labels_2_G.png, 1:0, 2:0, 3:1051, 4:15585, 5:26434, 6:25786, 7:5989, 8:4353, 9:109, 10:14, 11:0, 12:0, 13:0, 
C:/Users/windows/Documents/Tcc_Gabi/Ultrasound/DatasetDecomposite/normal/normal (117)_color_threshold_idx_1_chunck_4_region_98_labels_0_G.png, 1:0, 2:0, 3:139, 4:2698, 5:10611, 6:15885, 7:2272, 8:347, 9:38, 10:1, 11:0, 12:0, 13:0, 
C:/Users/windows/Documents/Tcc_Gabi/Ultrasound/DatasetDecomposite/normal/normal (118)_color_threshold_idx_1_chunck_6_region_1_labels_1_G.png, 1:0, 2:216, 3:785, 4:6996, 5:3593, 6:3106, 7:492, 8:315, 9:0, 10:0, 11:0, 12:0, 13:0, 
C:/Users/windows/Documents/Tcc_Gabi/Ultrasound/DatasetDecomposite/normal/normal (118)_color_threshold_idx_1_chunck_7_region_1_labels_1_G.png, 1:0, 2:0, 3:200, 4:3944, 5:1922, 6:1532, 7:185, 8:13, 9:0, 10:0, 11:0, 12:0, 13:0, 
C:/Users/windows/Documents/Tcc_Gabi/Ultrasound/DatasetDecomposite/normal/normal (119)_color_threshold_idx_2_chunck_7_region_28_labels_3_G.png, 1:43725, 2:24434, 3:12016, 4:21586, 5:18399, 6:20054, 7:3649, 8:842, 9:32, 10:6, 11:0, 12:0, 13:0, 
C:/Users/windows/Documents/Tcc_Gabi/Ultrasound/DatasetDecomposite/normal/normal (12)_color_threshold_idx_2_chunck_6_region_99_labels_1_G.png, 1:8, 2:1553, 3:2722, 4:4072, 5:4507, 6:2612, 7:46, 8:0, 9:0, 10:0, 11:0, 12:0, 13:0, 
C:/Users/windows/Documents/Tcc_Gabi/Ultrasound/DatasetDecomposite/normal/normal (120)_color_threshold_idx_1_chunck_6_region_116_labels_1_G.png, 1:0, 2:276, 3:4425, 4:26882, 5:20696, 6:16016, 7:5884, 8:2583, 9:37, 10:0, 11:0, 12:0, 13:0, 
C:/Users/windows/Documents/Tcc_Gabi/Ultrasound/DatasetDecomposite/normal/normal (121)_color_threshold_idx_0_chunck_9_region_12_labels_3_G.png, 1:3, 2:4564, 3:6614, 4:154, 5:0, 6:0, 7:0, 8:0, 9:0, 10:0, 11:0, 12:0, 13:0, 
C:/Users/windows/Documents/Tcc_Gabi/Ultrasound/DatasetDecomposite/normal/normal (122)_color_threshold_idx_1_chunck_12_region_180_labels_1_G.png, 1:0, 2:32, 3:135, 4:1965, 5:1920, 6:1687, 7:173, 8:81, 9:0, 10:0, 11:0, 12:0, 13:0, 
C:/Users/windows/Documents/Tcc_Gabi/Ultrasound/DatasetDecomposite/normal/normal (122)_color_threshold_idx_1_chunck_1_region_-1_labels_-1_G.png, 1:0, 2:0, 3:0, 4:85, 5:528, 6:1665, 7:94, 8:0, 9:0, 10:0, 11:0, 12:0, 13:0, 
C:/Users/windows/Documents/Tcc_Gabi/Ultrasound/DatasetDecomposite/normal/normal (122)_color_threshold_idx_2_chunck_14_region_-1_labels_-1_G.png, 1:0, 2:0, 3:0, 4:0, 5:90, 6:1616, 7:44, 8:0, 9:0, 10:0, 11:0, 12:0, 13:0, 
C:/Users/windows/Documents/Tcc_Gabi/Ultrasound/DatasetDecomposite/normal/normal (123)_color_threshold_idx_0_chunck_0_region_-1_labels_-1_G.png, 1:376, 2:822, 3:443, 4:0, 5:0, 6:0, 7:0, 8:0, 9:0, 10:0, 11:0, 12:0, 13:0, 
C:/Users/windows/Documents/Tcc_Gabi/Ultrasound/DatasetDecomposite/normal/normal (124)_color_threshold_idx_2_chunck_4_region_1_labels_1_G.png, 1:1957, 2:1678, 3:1600, 4:7829, 5:9838, 6:13339, 7:1866, 8:381, 9:0, 10:0, 11:0, 12:0, 13:0, 
C:/Users/windows/Documents/Tcc_Gabi/Ultrasound/DatasetDecomposite/normal/normal (125)_color_threshold_idx_1_chunck_14_region_-1_labels_-1_G.png, 1:0, 2:0, 3:1, 4:456, 5:920, 6:1124, 7:89, 8:12, 9:0, 10:0, 11:0, 12:0, 13:0, 
C:/Users/windows/Documents/Tcc_Gabi/Ultrasound/DatasetDecomposite/normal/normal (126)_color_threshold_idx_1_chunck_17_region_-1_labels_-1_G.png, 1:0, 2:0, 3:88, 4:2918, 5:561, 6:508, 7:116, 8:0, 9:0, 10:0, 11:0, 12:0, 13:0, 
C:/Users/windows/Documents/Tcc_Gabi/Ultrasound/DatasetDecomposite/normal/normal (126)_color_threshold_idx_2_chunck_9_region_-1_labels_-1_G.png, 1:0, 2:0, 3:0, 4:49, 5:408, 6:1278, 7:77, 8:0, 9:0, 10:0, 11:0, 12:0, 13:0, 
C:/Users/windows/Documents/Tcc_Gabi/Ultrasound/DatasetDecomposite/normal/normal (127)_color_threshold_idx_0_chunck_3_region_-1_labels_-1_G.png, 1:0, 2:2677, 3:5639, 4:225, 5:0, 6:0, 7:0, 8:0, 9:0, 10:0, 11:0, 12:0, 13:0, 
C:/Users/windows/Documents/Tcc_Gabi/Ultrasound/DatasetDecomposite/normal/normal (128)_color_threshold_idx_2_chunck_1_region_53_labels_0_G.png, 1:4763, 2:3415, 3:2563, 4:2927, 5:2164, 6:2232, 7:50, 8:2, 9:0, 10:0, 11:0, 12:0, 13:0, 
C:/Users/windows/Documents/Tcc_Gabi/Ultrasound/DatasetDecomposite/normal/normal (129)_color_threshold_idx_1_chunck_15_region_3_labels_2_G.png, 1:0, 2:30, 3:841, 4:8011, 5:11916, 6:15276, 7:1983, 8:1344, 9:191, 10:355, 11:2, 12:0, 13:0, 
C:/Users/windows/Documents/Tcc_Gabi/Ultrasound/DatasetDecomposite/normal/normal (13)_color_threshold_idx_1_chunck_5_region_140_labels_0_G.png, 1:5, 2:297, 3:2947, 4:22060, 5:17677, 6:13554, 7:2018, 8:491, 9:0, 10:0, 11:0, 12:0, 13:0, 
C:/Users/windows/Documents/Tcc_Gabi/Ultrasound/DatasetDecomposite/normal/normal (130)_color_threshold_idx_1_chunck_19_region_1_labels_3_G.png, 1:0, 2:3, 3:270, 4:4844, 5:4731, 6:5466, 7:522, 8:12, 9:0, 10:0, 11:0, 12:0, 13:0, 
C:/Users/windows/Documents/Tcc_Gabi/Ultrasound/DatasetDecomposite/normal/normal (131)_color_threshold_idx_1_chunck_1_region_1_labels_1_G.png, 1:0, 2:0, 3:14, 4:1446, 5:2561, 6:2679, 7:213, 8:10, 9:0, 10:0, 11:0, 12:0, 13:0, 
C:/Users/windows/Documents/Tcc_Gabi/Ultrasound/DatasetDecomposite/normal/normal (132)_color_threshold_idx_0_chunck_9_region_-1_labels_-1_G.png, 1:0, 2:321, 3:3386, 4:345, 5:0, 6:0, 7:0, 8:0, 9:0, 10:0, 11:0, 12:0, 13:0, 
C:/Users/windows/Documents/Tcc_Gabi/Ultrasound/DatasetDecomposite/normal/normal (132)_color_threshold_idx_2_chunck_9_region_53_labels_1_G.png, 1:84, 2:4409, 3:6778, 4:13331, 5:10849, 6:13500, 7:2321, 8:1670, 9:201, 10:127, 11:29, 12:0, 13:0, 
C:/Users/windows/Documents/Tcc_Gabi/Ultrasound/DatasetDecomposite/normal/normal (133)_color_threshold_idx_1_chunck_20_region_-1_labels_-1_G.png, 1:0, 2:0, 3:0, 4:0, 5:140, 6:675, 7:68, 8:5, 9:0, 10:0, 11:0, 12:0, 13:0, 
C:/Users/windows/Documents/Tcc_Gabi/Ultrasound/DatasetDecomposite/normal/normal (133)_color_threshold_idx_2_chunck_11_region_-1_labels_-1_G.png, 1:0, 2:0, 3:0, 4:24, 5:386, 6:659, 7:6, 8:0, 9:0, 10:0, 11:0, 12:0, 13:0, 
C:/Users/windows/Documents/Tcc_Gabi/Ultrasound/DatasetDecomposite/normal/normal (14)_color_threshold_idx_2_chunck_1_region_31_labels_1_G.png, 1:0, 2:0, 3:43, 4:1152, 5:2200, 6:1707, 7:3, 8:0, 9:0, 10:0, 11:0, 12:0, 13:0, 
C:/Users/windows/Documents/Tcc_Gabi/Ultrasound/DatasetDecomposite/normal/normal (15)_color_threshold_idx_1_chunck_7_region_-1_labels_-1_G.png, 1:0, 2:0, 3:28, 4:356, 5:155, 6:53, 7:0, 8:0, 9:0, 10:0, 11:0, 12:0, 13:0, 
C:/Users/windows/Documents/Tcc_Gabi/Ultrasound/DatasetDecomposite/normal/normal (16)_color_threshold_idx_2_chunck_1_region_27_labels_0_G.png, 1:24, 2:17692, 3:15814, 4:11409, 5:7897, 6:7570, 7:1124, 8:223, 9:0, 10:0, 11:0, 12:0, 13:0, 
C:/Users/windows/Documents/Tcc_Gabi/Ultrasound/DatasetDecomposite/normal/normal (17)_color_threshold_idx_2_chunck_2_region_52_labels_0_G.png, 1:14935, 2:18704, 3:7047, 4:8483, 5:4729, 6:3201, 7:330, 8:94, 9:0, 10:0, 11:0, 12:0, 13:0, 
C:/Users/windows/Documents/Tcc_Gabi/Ultrasound/DatasetDecomposite/normal/normal (18)_color_threshold_idx_1_chunck_-1_region_-1_labels_-1_G.png, 1:0, 2:0, 3:0, 4:0, 5:167, 6:1366, 7:14, 8:0, 9:0, 10:0, 11:0, 12:0, 13:0, 
C:/Users/windows/Documents/Tcc_Gabi/Ultrasound/DatasetDecomposite/normal/normal (19)_color_threshold_idx_0_chunck_4_region_-1_labels_-1_G.png, 1:280, 2:1115, 3:1396, 4:102, 5:0, 6:0, 7:0, 8:0, 9:0, 10:0, 11:0, 12:0, 13:0, 
C:/Users/windows/Documents/Tcc_Gabi/Ultrasound/DatasetDecomposite/normal/normal (2)_color_threshold_idx_2_chunck_2_region_-1_labels_-1_G.png, 1:0, 2:0, 3:17, 4:305, 5:1038, 6:1855, 7:194, 8:6, 9:0, 10:0, 11:0, 12:0, 13:0, 
C:/Users/windows/Documents/Tcc_Gabi/Ultrasound/DatasetDecomposite/normal/normal (20)_color_threshold_idx_1_chunck_31_region_112_labels_3_G.png, 1:0, 2:18, 3:1270, 4:8513, 5:7911, 6:6011, 7:1151, 8:113, 9:0, 10:0, 11:0, 12:0, 13:0, 
C:/Users/windows/Documents/Tcc_Gabi/Ultrasound/DatasetDecomposite/normal/normal (21)_color_threshold_idx_1_chunck_13_region_99_labels_3_G.png, 1:0, 2:1, 3:75, 4:1853, 5:2742, 6:3661, 7:324, 8:9, 9:0, 10:0, 11:0, 12:0, 13:0, 
C:/Users/windows/Documents/Tcc_Gabi/Ultrasound/DatasetDecomposite/normal/normal (21)_color_threshold_idx_2_chunck_1_region_-1_labels_-1_G.png, 1:0, 2:0, 3:0, 4:0, 5:158, 6:494, 7:0, 8:0, 9:0, 10:0, 11:0, 12:0, 13:0, 
C:/Users/windows/Documents/Tcc_Gabi/Ultrasound/DatasetDecomposite/normal/normal (22)_color_threshold_idx_2_chunck_0_region_102_labels_0_G.png, 1:3041, 2:48284, 3:19806, 4:18845, 5:15845, 6:16773, 7:2630, 8:983, 9:191, 10:173, 11:24, 12:8, 13:0, 
C:/Users/windows/Documents/Tcc_Gabi/Ultrasound/DatasetDecomposite/normal/normal (23)_color_threshold_idx_1_chunck_1_region_64_labels_0_G.png, 1:0, 2:49, 3:700, 4:3242, 5:4649, 6:5843, 7:136, 8:0, 9:0, 10:0, 11:0, 12:0, 13:0, 
C:/Users/windows/Documents/Tcc_Gabi/Ultrasound/DatasetDecomposite/normal/normal (24)_color_threshold_idx_0_chunck_7_region_113_labels_3_G.png, 1:742, 2:5291, 3:4037, 4:870, 5:38, 6:9, 7:0, 8:0, 9:0, 10:0, 11:0, 12:0, 13:0, 
C:/Users/windows/Documents/Tcc_Gabi/Ultrasound/DatasetDecomposite/normal/normal (24)_color_threshold_idx_2_chunck_0_region_-1_labels_-1_G.png, 1:0, 2:0, 3:0, 4:25, 5:189, 6:559, 7:0, 8:0, 9:0, 10:0, 11:0, 12:0, 13:0, 
C:/Users/windows/Documents/Tcc_Gabi/Ultrasound/DatasetDecomposite/normal/normal (25)_color_threshold_idx_1_chunck_5_region_181_labels_0_G.png, 1:0, 2:321, 3:3209, 4:15103, 5:10600, 6:11306, 7:1895, 8:521, 9:8, 10:0, 11:0, 12:0, 13:0, 
C:/Users/windows/Documents/Tcc_Gabi/Ultrasound/DatasetDecomposite/normal/normal (25)_color_threshold_idx_1_chunck_7_region_181_labels_0_G.png, 1:0, 2:32, 3:569, 4:4928, 5:2297, 6:1338, 7:5, 8:0, 9:0, 10:0, 11:0, 12:0, 13:0, 
C:/Users/windows/Documents/Tcc_Gabi/Ultrasound/DatasetDecomposite/normal/normal (26)_color_threshold_idx_2_chunck_1_region_1_labels_0_G.png, 1:152, 2:6579, 3:35716, 4:54481, 5:22320, 6:26172, 7:3056, 8:153, 9:0, 10:0, 11:0, 12:0, 13:0, 
C:/Users/windows/Documents/Tcc_Gabi/Ultrasound/DatasetDecomposite/normal/normal (27)_color_threshold_idx_2_chunck_3_region_1_labels_1_G.png, 1:3882, 2:18035, 3:19609, 4:24089, 5:16267, 6:15588, 7:1973, 8:689, 9:74, 10:6, 11:0, 12:0, 13:0, 
C:/Users/windows/Documents/Tcc_Gabi/Ultrasound/DatasetDecomposite/normal/normal (28)_color_threshold_idx_1_chunck_15_region_-1_labels_-1_G.png, 1:0, 2:0, 3:81, 4:1779, 5:679, 6:325, 7:40, 8:0, 9:0, 10:0, 11:0, 12:0, 13:0, 
C:/Users/windows/Documents/Tcc_Gabi/Ultrasound/DatasetDecomposite/normal/normal (28)_color_threshold_idx_1_chunck_18_region_-1_labels_-1_G.png, 1:0, 2:0, 3:17, 4:591, 5:353, 6:138, 7:77, 8:41, 9:0, 10:0, 11:0, 12:0, 13:0, 
C:/Users/windows/Documents/Tcc_Gabi/Ultrasound/DatasetDecomposite/normal/normal (29)_color_threshold_idx_1_chunck_2_region_1_labels_0_G.png, 1:0, 2:10, 3:278, 4:1853, 5:1564, 6:1657, 7:19, 8:0, 9:0, 10:0, 11:0, 12:0, 13:0, 
C:/Users/windows/Documents/Tcc_Gabi/Ultrasound/DatasetDecomposite/normal/normal (3)_color_threshold_idx_1_chunck_1_region_13_labels_0_G.png, 1:0, 2:0, 3:57, 4:1580, 5:524, 6:72, 7:0, 8:0, 9:0, 10:0, 11:0, 12:0, 13:0, 
C:/Users/windows/Documents/Tcc_Gabi/Ultrasound/DatasetDecomposite/normal/normal (30)_color_threshold_idx_0_chunck_5_region_80_labels_1_G.png, 1:2013, 2:2472, 3:1989, 4:94, 5:0, 6:0, 7:0, 8:0, 9:0, 10:0, 11:0, 12:0, 13:0, 
C:/Users/windows/Documents/Tcc_Gabi/Ultrasound/DatasetDecomposite/normal/normal (31)_color_threshold_idx_2_chunck_-1_region_49_labels_0_G.png, 1:1500, 2:8618, 3:6700, 4:6862, 5:3651, 6:4167, 7:108, 8:0, 9:0, 10:0, 11:0, 12:0, 13:0, 
C:/Users/windows/Documents/Tcc_Gabi/Ultrasound/DatasetDecomposite/normal/normal (32)_color_threshold_idx_0_chunck_-1_region_-1_labels_-1_G.png, 1:3, 2:184, 3:711, 4:15, 5:0, 6:0, 7:0, 8:0, 9:0, 10:0, 11:0, 12:0, 13:0, 
C:/Users/windows/Documents/Tcc_Gabi/Ultrasound/DatasetDecomposite/normal/normal (32)_color_threshold_idx_1_chunck_27_region_-1_labels_-1_G.png, 1:0, 2:0, 3:0, 4:0, 5:97, 6:511, 7:15, 8:0, 9:0, 10:0, 11:0, 12:0, 13:0, 
C:/Users/windows/Documents/Tcc_Gabi/Ultrasound/DatasetDecomposite/normal/normal (33)_color_threshold_idx_2_chunck_9_region_98_labels_3_G.png, 1:530, 2:17228, 3:24718, 4:40120, 5:42041, 6:39353, 7:7374, 8:1601, 9:86, 10:2, 11:0, 12:0, 13:0, 
C:/Users/windows/Documents/Tcc_Gabi/Ultrasound/DatasetDecomposite/normal/normal (34)_color_threshold_idx_1_chunck_0_region_37_labels_0_G.png, 1:0, 2:1, 3:545, 4:6044, 5:5166, 6:5210, 7:298, 8:0, 9:0, 10:0, 11:0, 12:0, 13:0, 
C:/Users/windows/Documents/Tcc_Gabi/Ultrasound/DatasetDecomposite/normal/normal (35)_color_threshold_idx_1_chunck_3_region_1_labels_0_G.png, 1:0, 2:0, 3:706, 4:8736, 5:2003, 6:515, 7:77, 8:49, 9:0, 10:0, 11:0, 12:0, 13:0, 
C:/Users/windows/Documents/Tcc_Gabi/Ultrasound/DatasetDecomposite/normal/normal (36)_color_threshold_idx_1_chunck_15_region_207_labels_1_G.png, 1:0, 2:4, 3:860, 4:16932, 5:8841, 6:3767, 7:524, 8:101, 9:0, 10:0, 11:0, 12:0, 13:0, 
C:/Users/windows/Documents/Tcc_Gabi/Ultrasound/DatasetDecomposite/normal/normal (36)_color_threshold_idx_2_chunck_4_region_1_labels_1_G.png, 1:0, 2:13, 3:448, 4:6906, 5:8045, 6:6837, 7:495, 8:104, 9:2, 10:0, 11:0, 12:0, 13:0, 
C:/Users/windows/Documents/Tcc_Gabi/Ultrasound/DatasetDecomposite/normal/normal (37)_color_threshold_idx_1_chunck_11_region_-1_labels_-1_G.png, 1:0, 2:8, 3:267, 4:3535, 5:87, 6:0, 7:0, 8:0, 9:0, 10:0, 11:0, 12:0, 13:0, 
C:/Users/windows/Documents/Tcc_Gabi/Ultrasound/DatasetDecomposite/normal/normal (38)_color_threshold_idx_1_chunck_4_region_61_labels_1_G.png, 1:0, 2:35, 3:618, 4:9806, 5:10810, 6:13904, 7:1851, 8:565, 9:14, 10:2, 11:0, 12:0, 13:0, 
C:/Users/windows/Documents/Tcc_Gabi/Ultrasound/DatasetDecomposite/normal/normal (39)_color_threshold_idx_1_chunck_1_region_10_labels_0_G.png, 1:0, 2:176, 3:4768, 4:23917, 5:23457, 6:16933, 7:3247, 8:1619, 9:469, 10:217, 11:12, 12:0, 13:0, 
C:/Users/windows/Documents/Tcc_Gabi/Ultrasound/DatasetDecomposite/normal/normal (4)_color_threshold_idx_1_chunck_10_region_46_labels_1_G.png, 1:0, 2:0, 3:240, 4:3751, 5:3679, 6:5761, 7:1276, 8:489, 9:0, 10:0, 11:0, 12:0, 13:0, 
C:/Users/windows/Documents/Tcc_Gabi/Ultrasound/DatasetDecomposite/normal/normal (40)_color_threshold_idx_2_chunck_1_region_1_labels_1_G.png, 1:45353, 2:63898, 3:30475, 4:31424, 5:24312, 6:27178, 7:10288, 8:7590, 9:1010, 10:402, 11:27, 12:0, 13:0, 
C:/Users/windows/Documents/Tcc_Gabi/Ultrasound/DatasetDecomposite/normal/normal (41)_color_threshold_idx_2_chunck_3_region_54_labels_0_G.png, 1:1785, 2:8438, 3:8630, 4:9986, 5:7259, 6:4914, 7:728, 8:109, 9:0, 10:0, 11:0, 12:0, 13:0, 
C:/Users/windows/Documents/Tcc_Gabi/Ultrasound/DatasetDecomposite/normal/normal (42)_color_threshold_idx_1_chunck_6_region_115_labels_1_G.png, 1:0, 2:6, 3:241, 4:4154, 5:4581, 6:8408, 7:315, 8:13, 9:0, 10:0, 11:0, 12:0, 13:0, 
C:/Users/windows/Documents/Tcc_Gabi/Ultrasound/DatasetDecomposite/normal/normal (42)_color_threshold_idx_2_chunck_10_region_114_labels_2_G.png, 1:522, 2:1602, 3:1494, 4:2660, 5:1922, 6:616, 7:4, 8:0, 9:0, 10:0, 11:0, 12:0, 13:0, 
C:/Users/windows/Documents/Tcc_Gabi/Ultrasound/DatasetDecomposite/normal/normal (43)_color_threshold_idx_0_chunck_4_region_13_labels_1_G.png, 1:782, 2:1305, 3:1276, 4:73, 5:0, 6:0, 7:0, 8:0, 9:0, 10:0, 11:0, 12:0, 13:0, 
C:/Users/windows/Documents/Tcc_Gabi/Ultrasound/DatasetDecomposite/normal/normal (44)_color_threshold_idx_1_chunck_3_region_74_labels_0_G.png, 1:0, 2:20, 3:1073, 4:13704, 5:10394, 6:6694, 7:1025, 8:81, 9:0, 10:0, 11:0, 12:0, 13:0, 
C:/Users/windows/Documents/Tcc_Gabi/Ultrasound/DatasetDecomposite/normal/normal (45)_color_threshold_idx_1_chunck_15_region_110_labels_3_G.png, 1:0, 2:0, 3:4, 4:756, 5:4424, 6:7036, 7:469, 8:179, 9:19, 10:12, 11:0, 12:0, 13:0, 
C:/Users/windows/Documents/Tcc_Gabi/Ultrasound/DatasetDecomposite/normal/normal (45)_color_threshold_idx_1_chunck_2_region_-1_labels_-1_G.png, 1:0, 2:0, 3:0, 4:100, 5:2265, 6:5321, 7:611, 8:26, 9:0, 10:0, 11:0, 12:0, 13:0, 
C:/Users/windows/Documents/Tcc_Gabi/Ultrasound/DatasetDecomposite/normal/normal (46)_color_threshold_idx_0_chunck_6_region_26_labels_3_G.png, 1:17646, 2:14601, 3:6063, 4:800, 5:69, 6:0, 7:0, 8:0, 9:0, 10:0, 11:0, 12:0, 13:0, 
C:/Users/windows/Documents/Tcc_Gabi/Ultrasound/DatasetDecomposite/normal/normal (46)_color_threshold_idx_1_chunck_5_region_30_labels_1_G.png, 1:0, 2:0, 3:0, 4:0, 5:110, 6:936, 7:36, 8:0, 9:0, 10:0, 11:0, 12:0, 13:0, 
C:/Users/windows/Documents/Tcc_Gabi/Ultrasound/DatasetDecomposite/normal/normal (47)_color_threshold_idx_1_chunck_11_region_55_labels_1_G.png, 1:0, 2:0, 3:21, 4:706, 5:489, 6:394, 7:18, 8:0, 9:0, 10:0, 11:0, 12:0, 13:0, 
C:/Users/windows/Documents/Tcc_Gabi/Ultrasound/DatasetDecomposite/normal/normal (48)_color_threshold_idx_2_chunck_7_region_4_labels_3_G.png, 1:5195, 2:18130, 3:10886, 4:9885, 5:8226, 6:6658, 7:1102, 8:464, 9:124, 10:49, 11:2, 12:0, 13:0, 
C:/Users/windows/Documents/Tcc_Gabi/Ultrasound/DatasetDecomposite/normal/normal (49)_color_threshold_idx_2_chunck_2_region_-1_labels_-1_G.png, 1:0, 2:0, 3:0, 4:29, 5:624, 6:1449, 7:109, 8:3, 9:0, 10:0, 11:0, 12:0, 13:0, 
C:/Users/windows/Documents/Tcc_Gabi/Ultrasound/DatasetDecomposite/normal/normal (5)_color_threshold_idx_1_chunck_1_region_-1_labels_-1_G.png, 1:0, 2:1, 3:460, 4:2151, 5:7040, 6:10297, 7:979, 8:8, 9:0, 10:0, 11:0, 12:0, 13:0, 
C:/Users/windows/Documents/Tcc_Gabi/Ultrasound/DatasetDecomposite/normal/normal (50)_color_threshold_idx_0_chunck_5_region_9_labels_1_G.png, 1:2665, 2:1094, 3:191, 4:14, 5:0, 6:0, 7:0, 8:0, 9:0, 10:0, 11:0, 12:0, 13:0, 
C:/Users/windows/Documents/Tcc_Gabi/Ultrasound/DatasetDecomposite/normal/normal (50)_color_threshold_idx_0_chunck_9_region_9_labels_3_G.png, 1:22189, 2:9788, 3:2478, 4:613, 5:102, 6:29, 7:0, 8:0, 9:0, 10:0, 11:0, 12:0, 13:0, 
C:/Users/windows/Documents/Tcc_Gabi/Ultrasound/DatasetDecomposite/normal/normal (51)_color_threshold_idx_1_chunck_10_region_65_labels_2_G.png, 1:0, 2:455, 3:3101, 4:23234, 5:17197, 6:17076, 7:1873, 8:313, 9:22, 10:6, 11:0, 12:0, 13:0, 
C:/Users/windows/Documents/Tcc_Gabi/Ultrasound/DatasetDecomposite/normal/normal (52)_color_threshold_idx_0_chunck_0_region_42_labels_0_G.png, 1:17544, 2:72895, 3:11063, 4:2291, 5:684, 6:190, 7:37, 8:3, 9:0, 10:0, 11:0, 12:0, 13:0, 
C:/Users/windows/Documents/Tcc_Gabi/Ultrasound/DatasetDecomposite/normal/normal (53)_color_threshold_idx_0_chunck_0_region_13_labels_0_G.png, 1:154804, 2:73220, 3:21593, 4:4007, 5:944, 6:155, 7:0, 8:0, 9:0, 10:0, 11:0, 12:0, 13:0, 
C:/Users/windows/Documents/Tcc_Gabi/Ultrasound/DatasetDecomposite/normal/normal (54)_color_threshold_idx_2_chunck_2_region_-1_labels_-1_G.png, 1:0, 2:0, 3:0, 4:258, 5:521, 6:591, 7:8, 8:0, 9:0, 10:0, 11:0, 12:0, 13:0, 
C:/Users/windows/Documents/Tcc_Gabi/Ultrasound/DatasetDecomposite/normal/normal (55)_color_threshold_idx_1_chunck_-1_region_4_labels_0_G.png, 1:0, 2:27, 3:809, 4:5252, 5:5521, 6:7662, 7:1140, 8:106, 9:0, 10:0, 11:0, 12:0, 13:0, 
C:/Users/windows/Documents/Tcc_Gabi/Ultrasound/DatasetDecomposite/normal/normal (56)_color_threshold_idx_1_chunck_16_region_-1_labels_-1_G.png, 1:0, 2:0, 3:0, 4:19, 5:530, 6:1015, 7:25, 8:8, 9:0, 10:0, 11:0, 12:0, 13:0, 
C:/Users/windows/Documents/Tcc_Gabi/Ultrasound/DatasetDecomposite/normal/normal (57)_color_threshold_idx_1_chunck_2_region_4_labels_1_G.png, 1:0, 2:0, 3:3, 4:284, 5:731, 6:1667, 7:31, 8:0, 9:0, 10:0, 11:0, 12:0, 13:0, 
C:/Users/windows/Documents/Tcc_Gabi/Ultrasound/DatasetDecomposite/normal/normal (57)_color_threshold_idx_2_chunck_0_region_4_labels_0_G.png, 1:68423, 2:72404, 3:12092, 4:18544, 5:15317, 6:17984, 7:2652, 8:383, 9:3, 10:3, 11:0, 12:0, 13:0, 
C:/Users/windows/Documents/Tcc_Gabi/Ultrasound/DatasetDecomposite/normal/normal (58)_color_threshold_idx_1_chunck_7_region_28_labels_1_G.png, 1:0, 2:5, 3:1207, 4:10042, 5:6996, 6:4867, 7:459, 8:44, 9:0, 10:0, 11:0, 12:0, 13:0, 
C:/Users/windows/Documents/Tcc_Gabi/Ultrasound/DatasetDecomposite/normal/normal (59)_color_threshold_idx_1_chunck_7_region_34_labels_1_G.png, 1:0, 2:0, 3:133, 4:4963, 5:3011, 6:578, 7:6, 8:0, 9:0, 10:0, 11:0, 12:0, 13:0, 
C:/Users/windows/Documents/Tcc_Gabi/Ultrasound/DatasetDecomposite/normal/normal (59)_color_threshold_idx_1_chunck_8_region_34_labels_2_G.png, 1:0, 2:133, 3:879, 4:5413, 5:6501, 6:10778, 7:1282, 8:355, 9:27, 10:0, 11:0, 12:0, 13:0, 
C:/Users/windows/Documents/Tcc_Gabi/Ultrasound/DatasetDecomposite/normal/normal (6)_color_threshold_idx_0_chunck_3_region_-1_labels_-1_G.png, 1:70, 2:7195, 3:9117, 4:1326, 5:90, 6:0, 7:0, 8:0, 9:0, 10:0, 11:0, 12:0, 13:0, 
C:/Users/windows/Documents/Tcc_Gabi/Ultrasound/DatasetDecomposite/normal/normal (60)_color_threshold_idx_2_chunck_7_region_33_labels_1_G.png, 1:1, 2:92, 3:528, 4:3237, 5:4500, 6:3157, 7:145, 8:11, 9:0, 10:0, 11:0, 12:0, 13:0, 
C:/Users/windows/Documents/Tcc_Gabi/Ultrasound/DatasetDecomposite/normal/normal (61)_color_threshold_idx_1_chunck_1_region_-1_labels_-1_G.png, 1:0, 2:0, 3:0, 4:29, 5:642, 6:1439, 7:10, 8:0, 9:0, 10:0, 11:0, 12:0, 13:0, 
C:/Users/windows/Documents/Tcc_Gabi/Ultrasound/DatasetDecomposite/normal/normal (62)_color_threshold_idx_2_chunck_1_region_-1_labels_-1_G.png, 1:0, 2:0, 3:0, 4:0, 5:100, 6:1282, 7:1, 8:0, 9:0, 10:0, 11:0, 12:0, 13:0, 
C:/Users/windows/Documents/Tcc_Gabi/Ultrasound/DatasetDecomposite/normal/normal (63)_color_threshold_idx_1_chunck_1_region_-1_labels_-1_G.png, 1:0, 2:0, 3:0, 4:1, 5:153, 6:503, 7:0, 8:0, 9:0, 10:0, 11:0, 12:0, 13:0, 
C:/Users/windows/Documents/Tcc_Gabi/Ultrasound/DatasetDecomposite/normal/normal (64)_color_threshold_idx_1_chunck_12_region_-1_labels_-1_G.png, 1:0, 2:0, 3:0, 4:26, 5:214, 6:367, 7:27, 8:0, 9:0, 10:0, 11:0, 12:0, 13:0, 
C:/Users/windows/Documents/Tcc_Gabi/Ultrasound/DatasetDecomposite/normal/normal (64)_color_threshold_idx_2_chunck_-1_region_-1_labels_-1_G.png, 1:0, 2:0, 3:0, 4:0, 5:0, 6:669, 7:10, 8:0, 9:0, 10:0, 11:0, 12:0, 13:0, 
C:/Users/windows/Documents/Tcc_Gabi/Ultrasound/DatasetDecomposite/normal/normal (65)_color_threshold_idx_1_chunck_16_region_-1_labels_-1_G.png, 1:0, 2:0, 3:29, 4:2326, 5:995, 6:1086, 7:302, 8:64, 9:0, 10:0, 11:0, 12:0, 13:0, 
C:/Users/windows/Documents/Tcc_Gabi/Ultrasound/DatasetDecomposite/normal/normal (66)_color_threshold_idx_1_chunck_6_region_89_labels_1_G.png, 1:0, 2:0, 3:71, 4:2853, 5:4804, 6:8774, 7:1203, 8:52, 9:0, 10:0, 11:0, 12:0, 13:0, 
C:/Users/windows/Documents/Tcc_Gabi/Ultrasound/DatasetDecomposite/normal/normal (66)_color_threshold_idx_2_chunck_5_region_82_labels_1_G.png, 1:0, 2:0, 3:208, 4:2745, 5:4764, 6:8695, 7:1203, 8:52, 9:0, 10:0, 11:0, 12:0, 13:0, 
C:/Users/windows/Documents/Tcc_Gabi/Ultrasound/DatasetDecomposite/normal/normal (67)_color_threshold_idx_1_chunck_-1_region_4_labels_0_G.png, 1:109, 2:626, 3:2940, 4:15890, 5:15488, 6:20776, 7:7755, 8:5930, 9:335, 10:92, 11:0, 12:0, 13:0, 
C:/Users/windows/Documents/Tcc_Gabi/Ultrasound/DatasetDecomposite/normal/normal (68)_color_threshold_idx_1_chunck_9_region_4_labels_3_G.png, 1:25, 2:85, 3:915, 4:8490, 5:8175, 6:9129, 7:1402, 8:144, 9:3, 10:3, 11:0, 12:0, 13:0, 
C:/Users/windows/Documents/Tcc_Gabi/Ultrasound/DatasetDecomposite/normal/normal (69)_color_threshold_idx_1_chunck_5_region_30_labels_1_G.png, 1:0, 2:0, 3:283, 4:8164, 5:6192, 6:4121, 7:319, 8:22, 9:0, 10:0, 11:0, 12:0, 13:0, 
C:/Users/windows/Documents/Tcc_Gabi/Ultrasound/DatasetDecomposite/normal/normal (7)_color_threshold_idx_0_chunck_6_region_-1_labels_-1_G.png, 1:0, 2:303, 3:1959, 4:104, 5:0, 6:0, 7:0, 8:0, 9:0, 10:0, 11:0, 12:0, 13:0, 
C:/Users/windows/Documents/Tcc_Gabi/Ultrasound/DatasetDecomposite/normal/normal (7)_color_threshold_idx_2_chunck_7_region_160_labels_0_G.png, 1:0, 2:3195, 3:3808, 4:1407, 5:759, 6:1304, 7:7, 8:0, 9:0, 10:0, 11:0, 12:0, 13:0, 
C:/Users/windows/Documents/Tcc_Gabi/Ultrasound/DatasetDecomposite/normal/normal (70)_color_threshold_idx_2_chunck_2_region_14_labels_1_G.png, 1:0, 2:0, 3:33, 4:1195, 5:5485, 6:7624, 7:664, 8:7, 9:0, 10:0, 11:0, 12:0, 13:0, 
C:/Users/windows/Documents/Tcc_Gabi/Ultrasound/DatasetDecomposite/normal/normal (71)_color_threshold_idx_2_chunck_15_region_-1_labels_-1_G.png, 1:0, 2:0, 3:0, 4:45, 5:176, 6:435, 7:0, 8:0, 9:0, 10:0, 11:0, 12:0, 13:0, 
C:/Users/windows/Documents/Tcc_Gabi/Ultrasound/DatasetDecomposite/normal/normal (72)_color_threshold_idx_1_chunck_12_region_1_labels_1_G.png, 1:0, 2:0, 3:141, 4:10024, 5:6757, 6:2215, 7:59, 8:0, 9:0, 10:0, 11:0, 12:0, 13:0, 
C:/Users/windows/Documents/Tcc_Gabi/Ultrasound/DatasetDecomposite/normal/normal (72)_color_threshold_idx_2_chunck_5_region_1_labels_1_G.png, 1:858, 2:3489, 3:1383, 4:1897, 5:2093, 6:3986, 7:463, 8:65, 9:0, 10:0, 11:0, 12:0, 13:0, 
C:/Users/windows/Documents/Tcc_Gabi/Ultrasound/DatasetDecomposite/normal/normal (73)_color_threshold_idx_1_chunck_8_region_-1_labels_-1_G.png, 1:0, 2:0, 3:387, 4:4284, 5:935, 6:319, 7:82, 8:7, 9:0, 10:0, 11:0, 12:0, 13:0, 
C:/Users/windows/Documents/Tcc_Gabi/Ultrasound/DatasetDecomposite/normal/normal (74)_color_threshold_idx_1_chunck_3_region_-1_labels_-1_G.png, 1:0, 2:0, 3:0, 4:0, 5:74, 6:3472, 7:290, 8:0, 9:0, 10:0, 11:0, 12:0, 13:0, 
C:/Users/windows/Documents/Tcc_Gabi/Ultrasound/DatasetDecomposite/normal/normal (74)_color_threshold_idx_1_chunck_6_region_389_labels_0_G.png, 1:0, 2:0, 3:234, 4:5032, 5:4263, 6:3689, 7:431, 8:10, 9:0, 10:0, 11:0, 12:0, 13:0, 
C:/Users/windows/Documents/Tcc_Gabi/Ultrasound/DatasetDecomposite/normal/normal (75)_color_threshold_idx_0_chunck_7_region_173_labels_1_G.png, 1:0, 2:412, 3:1635, 4:289, 5:47, 6:16, 7:0, 8:0, 9:0, 10:0, 11:0, 12:0, 13:0, 
C:/Users/windows/Documents/Tcc_Gabi/Ultrasound/DatasetDecomposite/normal/normal (75)_color_threshold_idx_1_chunck_9_region_7_labels_1_G.png, 1:0, 2:7, 3:138, 4:1350, 5:547, 6:437, 7:18, 8:0, 9:0, 10:0, 11:0, 12:0, 13:0, 
C:/Users/windows/Documents/Tcc_Gabi/Ultrasound/DatasetDecomposite/normal/normal (76)_color_threshold_idx_2_chunck_6_region_-1_labels_-1_G.png, 1:0, 2:0, 3:0, 4:112, 5:385, 6:856, 7:110, 8:20, 9:0, 10:0, 11:0, 12:0, 13:0, 
C:/Users/windows/Documents/Tcc_Gabi/Ultrasound/DatasetDecomposite/normal/normal (77)_color_threshold_idx_1_chunck_5_region_181_labels_1_G.png, 1:0, 2:0, 3:138, 4:1781, 5:2203, 6:2651, 7:308, 8:94, 9:0, 10:0, 11:0, 12:0, 13:0, 
C:/Users/windows/Documents/Tcc_Gabi/Ultrasound/DatasetDecomposite/normal/normal (78)_color_threshold_idx_2_chunck_10_region_1_labels_2_G.png, 1:0, 2:1486, 3:3519, 4:7916, 5:9757, 6:13074, 7:2301, 8:1034, 9:92, 10:60, 11:0, 12:0, 13:0, 
C:/Users/windows/Documents/Tcc_Gabi/Ultrasound/DatasetDecomposite/normal/normal (79)_color_threshold_idx_1_chunck_2_region_1_labels_0_G.png, 1:20, 2:576, 3:1540, 4:13505, 5:8026, 6:10817, 7:2002, 8:569, 9:150, 10:87, 11:14, 12:0, 13:0, 
C:/Users/windows/Documents/Tcc_Gabi/Ultrasound/DatasetDecomposite/normal/normal (79)_color_threshold_idx_1_chunck_3_region_1_labels_0_G.png, 1:0, 2:0, 3:191, 4:2789, 5:1826, 6:1861, 7:180, 8:135, 9:21, 10:11, 11:0, 12:0, 13:0, 
C:/Users/windows/Documents/Tcc_Gabi/Ultrasound/DatasetDecomposite/normal/normal (8)_color_threshold_idx_1_chunck_16_region_47_labels_3_G.png, 1:0, 2:0, 3:3, 4:1676, 5:11682, 6:30449, 7:2522, 8:301, 9:15, 10:13, 11:0, 12:0, 13:0, 
C:/Users/windows/Documents/Tcc_Gabi/Ultrasound/DatasetDecomposite/normal/normal (80)_color_threshold_idx_1_chunck_1_region_-1_labels_-1_G.png, 1:0, 2:0, 3:0, 4:0, 5:13, 6:529, 7:30, 8:0, 9:0, 10:0, 11:0, 12:0, 13:0, 
C:/Users/windows/Documents/Tcc_Gabi/Ultrasound/DatasetDecomposite/normal/normal (81)_color_threshold_idx_0_chunck_8_region_-1_labels_-1_G.png, 1:1, 2:2947, 3:1666, 4:16, 5:0, 6:0, 7:0, 8:0, 9:0, 10:0, 11:0, 12:0, 13:0, 
C:/Users/windows/Documents/Tcc_Gabi/Ultrasound/DatasetDecomposite/normal/normal (81)_color_threshold_idx_1_chunck_14_region_71_labels_2_G.png, 1:275, 2:2273, 3:3180, 4:17979, 5:15178, 6:16241, 7:1806, 8:1040, 9:38, 10:0, 11:0, 12:0, 13:0, 
C:/Users/windows/Documents/Tcc_Gabi/Ultrasound/DatasetDecomposite/normal/normal (82)_color_threshold_idx_1_chunck_7_region_166_labels_0_G.png, 1:0, 2:0, 3:36, 4:217, 5:697, 6:1376, 7:3, 8:0, 9:0, 10:0, 11:0, 12:0, 13:0, 
C:/Users/windows/Documents/Tcc_Gabi/Ultrasound/DatasetDecomposite/normal/normal (82)_color_threshold_idx_2_chunck_2_region_-1_labels_-1_G.png, 1:0, 2:0, 3:0, 4:0, 5:88, 6:1551, 7:41, 8:0, 9:0, 10:0, 11:0, 12:0, 13:0, 
C:/Users/windows/Documents/Tcc_Gabi/Ultrasound/DatasetDecomposite/normal/normal (83)_color_threshold_idx_1_chunck_-1_region_-1_labels_-1_G.png, 1:0, 2:0, 3:0, 4:0, 5:77, 6:2286, 7:64, 8:0, 9:0, 10:0, 11:0, 12:0, 13:0, 
C:/Users/windows/Documents/Tcc_Gabi/Ultrasound/DatasetDecomposite/normal/normal (84)_color_threshold_idx_2_chunck_12_region_107_labels_3_G.png, 1:576, 2:6311, 3:4841, 4:2968, 5:2109, 6:2250, 7:552, 8:152, 9:9, 10:0, 11:0, 12:0, 13:0, 
C:/Users/windows/Documents/Tcc_Gabi/Ultrasound/DatasetDecomposite/normal/normal (85)_color_threshold_idx_2_chunck_3_region_2_labels_0_G.png, 1:519, 2:12425, 3:8813, 4:14416, 5:13715, 6:10757, 7:1528, 8:499, 9:43, 10:6, 11:0, 12:0, 13:0, 
C:/Users/windows/Documents/Tcc_Gabi/Ultrasound/DatasetDecomposite/normal/normal (85)_color_threshold_idx_2_chunck_4_region_2_labels_0_G.png, 1:7477, 2:30616, 3:17696, 4:18732, 5:10271, 6:9163, 7:1539, 8:889, 9:80, 10:67, 11:11, 12:7, 13:0, 
C:/Users/windows/Documents/Tcc_Gabi/Ultrasound/DatasetDecomposite/normal/normal (86)_color_threshold_idx_2_chunck_13_region_113_labels_1_G.png, 1:0, 2:708, 3:4458, 4:9651, 5:6129, 6:4866, 7:95, 8:0, 9:0, 10:0, 11:0, 12:0, 13:0, 
C:/Users/windows/Documents/Tcc_Gabi/Ultrasound/DatasetDecomposite/normal/normal (87)_color_threshold_idx_0_chunck_3_region_174_labels_1_G.png, 1:24061, 2:43528, 3:22687, 4:4387, 5:191, 6:0, 7:0, 8:0, 9:0, 10:0, 11:0, 12:0, 13:0, 
C:/Users/windows/Documents/Tcc_Gabi/Ultrasound/DatasetDecomposite/normal/normal (87)_color_threshold_idx_1_chunck_8_region_27_labels_1_G.png, 1:0, 2:1, 3:233, 4:2761, 5:989, 6:725, 7:64, 8:1, 9:0, 10:0, 11:0, 12:0, 13:0, 
C:/Users/windows/Documents/Tcc_Gabi/Ultrasound/DatasetDecomposite/normal/normal (88)_color_threshold_idx_1_chunck_7_region_5_labels_1_G.png, 1:15, 2:515, 3:855, 4:6035, 5:5568, 6:5629, 7:525, 8:92, 9:9, 10:0, 11:0, 12:0, 13:0, 
C:/Users/windows/Documents/Tcc_Gabi/Ultrasound/DatasetDecomposite/normal/normal (89)_color_threshold_idx_0_chunck_2_region_25_labels_1_G.png, 1:67, 2:15128, 3:7456, 4:641, 5:0, 6:0, 7:0, 8:0, 9:0, 10:0, 11:0, 12:0, 13:0, 
C:/Users/windows/Documents/Tcc_Gabi/Ultrasound/DatasetDecomposite/normal/normal (9)_color_threshold_idx_1_chunck_15_region_26_labels_3_G.png, 1:0, 2:19, 3:357, 4:1728, 5:1243, 6:1123, 7:29, 8:0, 9:0, 10:0, 11:0, 12:0, 13:0, 
C:/Users/windows/Documents/Tcc_Gabi/Ultrasound/DatasetDecomposite/normal/normal (90)_color_threshold_idx_2_chunck_1_region_14_labels_1_G.png, 1:0, 2:0, 3:58, 4:3079, 5:8082, 6:7364, 7:1378, 8:462, 9:63, 10:16, 11:0, 12:0, 13:0, 
C:/Users/windows/Documents/Tcc_Gabi/Ultrasound/DatasetDecomposite/normal/normal (91)_color_threshold_idx_2_chunck_10_region_17_labels_2_G.png, 1:10589, 2:64933, 3:24572, 4:38979, 5:33085, 6:27379, 7:5583, 8:1673, 9:108, 10:62, 11:0, 12:0, 13:0, 
C:/Users/windows/Documents/Tcc_Gabi/Ultrasound/DatasetDecomposite/normal/normal (92)_color_threshold_idx_2_chunck_10_region_18_labels_2_G.png, 1:1860, 2:47967, 3:19963, 4:34075, 5:32260, 6:23104, 7:5987, 8:2404, 9:232, 10:116, 11:20, 12:0, 13:0, 
C:/Users/windows/Documents/Tcc_Gabi/Ultrasound/DatasetDecomposite/normal/normal (93)_color_threshold_idx_2_chunck_14_region_201_labels_2_G.png, 1:0, 2:251, 3:4339, 4:12558, 5:18201, 6:11292, 7:997, 8:429, 9:5, 10:0, 11:0, 12:0, 13:0, 
C:/Users/windows/Documents/Tcc_Gabi/Ultrasound/DatasetDecomposite/normal/normal (94)_color_threshold_idx_1_chunck_6_region_82_labels_1_G.png, 1:0, 2:0, 3:124, 4:2027, 5:3592, 6:2675, 7:118, 8:22, 9:0, 10:0, 11:0, 12:0, 13:0, 
C:/Users/windows/Documents/Tcc_Gabi/Ultrasound/DatasetDecomposite/normal/normal (95)_color_threshold_idx_1_chunck_0_region_82_labels_0_G.png, 1:0, 2:55, 3:2393, 4:26274, 5:23294, 6:20311, 7:2478, 8:242, 9:0, 10:0, 11:0, 12:0, 13:0, 
C:/Users/windows/Documents/Tcc_Gabi/Ultrasound/DatasetDecomposite/normal/normal (96)_color_threshold_idx_1_chunck_-1_region_-1_labels_-1_G.png, 1:0, 2:0, 3:0, 4:44, 5:488, 6:929, 7:56, 8:11, 9:0, 10:0, 11:0, 12:0, 13:0, 
C:/Users/windows/Documents/Tcc_Gabi/Ultrasound/DatasetDecomposite/normal/normal (96)_color_threshold_idx_1_chunck_1_region_-1_labels_-1_G.png, 1:0, 2:0, 3:47, 4:1071, 5:2502, 6:3521, 7:228, 8:45, 9:7, 10:0, 11:0, 12:0, 13:0, 
C:/Users/windows/Documents/Tcc_Gabi/Ultrasound/DatasetDecomposite/normal/normal (97)_color_threshold_idx_1_chunck_6_region_116_labels_0_G.png, 1:0, 2:1, 3:696, 4:10671, 5:11259, 6:9182, 7:639, 8:14, 9:0, 10:0, 11:0, 12:0, 13:0, 
C:/Users/windows/Documents/Tcc_Gabi/Ultrasound/DatasetDecomposite/normal/normal (98)_color_threshold_idx_1_chunck_5_region_113_labels_0_G.png, 1:0, 2:13, 3:900, 4:13294, 5:11733, 6:10025, 7:1417, 8:335, 9:41, 10:4, 11:0, 12:0, 13:0, 
C:/Users/windows/Documents/Tcc_Gabi/Ultrasound/DatasetDecomposite/normal/normal (99)_color_threshold_idx_0_chunck_-1_region_-1_labels_-1_G.png, 1:0, 2:944, 3:2709, 4:156, 5:0, 6:0, 7:0, 8:0, 9:0, 10:0, 11:0, 12:0, 13:0, 
