name, area, area_bbox, area_convex, area_filled, axis_major_length, area_minor_length, bbox1, bbox2, bbox3, bbox4, bbox5, bbox6, centroid1, centroid2, centroid3, centroid_local1, centroid_local2, centroid_local3, mean(coords_scaled), std(coords_scaled), mean(coords), std(coords), equivalent_diameter_area, euler_number, extent, mean(image), std(image), mean(image_convex), std(image_convex), mean(image_filled), std(image_filled), mean(inertia_tensor), std(inertia_tensor), intertia_tensor_eigvals1, intertia_tensor_eigvals2, intertia_tensor_eigvals3, label, mean(moments), std(moments), mean(moments_central), std(moments_central), mean(moments_normalized), std(moments_normalized), num_pixels, slice1, slice2, slice3, slice4, slice5, slice6, slice7, slice8, slice9, solidity
C:/Users/windows/Documents/Tcc_Gabi/Ultrasound/DatasetDecomposite/normal/normal (10)_color_threshold_idx_1_chunck_7_region_29_labels_1_G.png, 1:1.0, 2:1.0, 3:1.0, 4:1.0, 5:0.0, 6:0.0, 7:170.5, 8:132.0009469663002, 9:170.0, 10:132.0, 11:0.0, 12:0.0, 13:170.0, 14:132.0, 15:170.0, 16:132.0, 17:1.1283791670955126, 18:1.0, 19:1.0, 20:1.0, 21:0.0, 22:1.0, 23:0.0, 24:1.0, 25:0.0, 26:0.0, 27:0.0, 28:0.0, 29:0.0, 30:2333, 31:0.0625, 32:0.24206145913796356, 33:0.0625, 34:0.24206145913796356, 35:0, 36:0, 37:1, 38:97.42857142857143, 39:130.67501361650386, 40:1.0, 
C:/Users/windows/Documents/Tcc_Gabi/Ultrasound/DatasetDecomposite/normal/normal (100)_color_threshold_idx_2_chunck_3_region_1_labels_0_G.png, 1:3.0, 2:3.0, 3:3.0, 4:3.0, 5:3.265986323710904, 6:0.0, 7:629.5, 8:56.01115960235067, 9:629.0, 10:56.0, 11:0.5, 12:0.5, 13:629.0, 14:56.0029761113937, 15:629.0, 16:56.0029761113937, 17:1.9544100476116797, 18:1.0, 19:1.0, 20:1.0, 21:0.0, 22:1.0, 23:0.0, 24:1.0, 25:0.0, 26:0.16666666666666666, 27:0.2886751345948129, 28:0.3333333333333333, 29:0.3333333333333333, 30:15328, 31:1.25, 32:2.48746859276655, 33:0.3125, 34:0.8454843286542927, 35:0, 36:0, 37:3, 38:359.7142857142857, 39:314.38589312486397, 40:1.0, 
C:/Users/windows/Documents/Tcc_Gabi/Ultrasound/DatasetDecomposite/normal/normal (101)_color_threshold_idx_0_chunck_2_region_-1_labels_-1_G.png, 1:1.0, 2:1.0, 3:1.0, 4:1.0, 5:0.0, 6:0.0, 7:549.5, 8:22.005681084665387, 9:549.0, 10:22.0, 11:0.0, 12:0.0, 13:549.0, 14:22.0, 15:549.0, 16:22.0, 17:1.1283791670955126, 18:1.0, 19:1.0, 20:1.0, 21:0.0, 22:1.0, 23:0.0, 24:1.0, 25:0.0, 26:0.0, 27:0.0, 28:0.0, 29:0.0, 30:41405, 31:0.0625, 32:0.24206145913796356, 33:0.0625, 34:0.24206145913796356, 35:0, 36:0, 37:1, 38:314.0, 39:272.44029490094573, 40:1.0, 
C:/Users/windows/Documents/Tcc_Gabi/Ultrasound/DatasetDecomposite/normal/normal (102)_color_threshold_idx_1_chunck_16_region_116_labels_3_G.png, 1:1.0, 2:1.0, 3:1.0, 4:1.0, 5:0.0, 6:0.0, 7:302.0, 8:166.5007507490582, 9:301.5, 10:166.5, 11:0.0, 12:0.0, 13:301.5, 14:166.5, 15:301.5, 16:166.5, 17:1.1283791670955126, 18:1.0, 19:1.0, 20:1.0, 21:0.0, 22:1.0, 23:0.0, 24:1.0, 25:0.0, 26:0.0, 27:0.0, 28:0.0, 29:0.0, 30:7312, 31:0.0625, 32:0.24206145913796356, 33:0.0625, 34:0.24206145913796356, 35:0, 36:0, 37:1, 38:172.57142857142858, 39:195.38961600048333, 40:1.0, 
C:/Users/windows/Documents/Tcc_Gabi/Ultrasound/DatasetDecomposite/normal/normal (103)_color_threshold_idx_1_chunck_6_region_82_labels_1_G.png, 1:1.0, 2:1.0, 3:1.0, 4:1.0, 5:0.0, 6:0.0, 7:641.0, 8:126.50098813843313, 9:640.5, 10:126.5, 11:0.0, 12:0.0, 13:640.5, 14:126.5, 15:640.5, 16:126.5, 17:1.1283791670955126, 18:1.0, 19:1.0, 20:1.0, 21:0.0, 22:1.0, 23:0.0, 24:1.0, 25:0.0, 26:0.0, 27:0.0, 28:0.0, 29:0.0, 30:17377, 31:0.0625, 32:0.24206145913796356, 33:0.0625, 34:0.24206145913796356, 35:0, 36:0, 37:1, 38:366.2857142857143, 39:331.31284925525097, 40:1.0, 
C:/Users/windows/Documents/Tcc_Gabi/Ultrasound/DatasetDecomposite/normal/normal (104)_color_threshold_idx_1_chunck_9_region_6_labels_1_G.png, 1:1.0, 2:1.0, 3:1.0, 4:1.0, 5:0.0, 6:0.0, 7:281.0, 8:110.50113121592919, 9:280.5, 10:110.5, 11:0.0, 12:0.0, 13:280.5, 14:110.5, 15:280.5, 16:110.5, 17:1.1283791670955126, 18:1.0, 19:1.0, 20:1.0, 21:0.0, 22:1.0, 23:0.0, 24:1.0, 25:0.0, 26:0.0, 27:0.0, 28:0.0, 29:0.0, 30:1645, 31:0.0625, 32:0.24206145913796356, 33:0.0625, 34:0.24206145913796356, 35:0, 36:0, 37:1, 38:160.57142857142858, 39:162.2184216620622, 40:1.0, 
C:/Users/windows/Documents/Tcc_Gabi/Ultrasound/DatasetDecomposite/normal/normal (105)_color_threshold_idx_1_chunck_-1_region_-1_labels_-1_G.png, 1:1.0, 2:1.0, 3:1.0, 4:1.0, 5:0.0, 6:0.0, 7:137.5, 8:24.005207768315607, 9:137.0, 10:24.0, 11:0.0, 12:0.0, 13:137.0, 14:24.0, 15:137.0, 16:24.0, 17:1.1283791670955126, 18:1.0, 19:1.0, 20:1.0, 21:0.0, 22:1.0, 23:0.0, 24:1.0, 25:0.0, 26:0.0, 27:0.0, 28:0.0, 29:0.0, 30:561, 31:0.0625, 32:0.24206145913796356, 33:0.0625, 34:0.24206145913796356, 35:0, 36:0, 37:1, 38:78.57142857142857, 39:70.4229206658034, 40:1.0, 
C:/Users/windows/Documents/Tcc_Gabi/Ultrasound/DatasetDecomposite/normal/normal (106)_color_threshold_idx_2_chunck_3_region_16_labels_1_G.png, 1:1.0, 2:1.0, 3:1.0, 4:1.0, 5:0.0, 6:0.0, 7:212.0, 8:60.502066080424065, 9:211.5, 10:60.5, 11:0.0, 12:0.0, 13:211.5, 14:60.5, 15:211.5, 16:60.5, 17:1.1283791670955126, 18:1.0, 19:1.0, 20:1.0, 21:0.0, 22:1.0, 23:0.0, 24:1.0, 25:0.0, 26:0.0, 27:0.0, 28:0.0, 29:0.0, 30:17986, 31:0.0625, 32:0.24206145913796356, 33:0.0625, 34:0.24206145913796356, 35:0, 36:0, 37:1, 38:121.14285714285714, 39:114.44827724026825, 40:1.0, 
C:/Users/windows/Documents/Tcc_Gabi/Ultrasound/DatasetDecomposite/normal/normal (107)_color_threshold_idx_1_chunck_13_region_7_labels_1_G.png, 1:1.0, 2:1.0, 3:1.0, 4:1.0, 5:0.0, 6:0.0, 7:332.0, 8:60.502066080424065, 9:331.5, 10:60.5, 11:0.0, 12:0.0, 13:331.5, 14:60.5, 15:331.5, 16:60.5, 17:1.1283791670955126, 18:1.0, 19:1.0, 20:1.0, 21:0.0, 22:1.0, 23:0.0, 24:1.0, 25:0.0, 26:0.0, 27:0.0, 28:0.0, 29:0.0, 30:4320, 31:0.0625, 32:0.24206145913796356, 33:0.0625, 34:0.24206145913796356, 35:0, 36:0, 37:1, 38:189.71428571428572, 39:170.5442668012487, 40:1.0, 
C:/Users/windows/Documents/Tcc_Gabi/Ultrasound/DatasetDecomposite/normal/normal (108)_color_threshold_idx_1_chunck_-1_region_-1_labels_-1_G.png, 1:1.0, 2:1.0, 3:1.0, 4:1.0, 5:0.0, 6:0.0, 7:354.5, 8:111.00112612041376, 9:354.0, 10:111.0, 11:0.0, 12:0.0, 13:354.0, 14:111.0, 15:354.0, 16:111.0, 17:1.1283791670955126, 18:1.0, 19:1.0, 20:1.0, 21:0.0, 22:1.0, 23:0.0, 24:1.0, 25:0.0, 26:0.0, 27:0.0, 28:0.0, 29:0.0, 30:2902, 31:0.0625, 32:0.24206145913796356, 33:0.0625, 34:0.24206145913796356, 35:0, 36:0, 37:1, 38:202.57142857142858, 39:194.4661976817985, 40:1.0, 
C:/Users/windows/Documents/Tcc_Gabi/Ultrasound/DatasetDecomposite/normal/normal (108)_color_threshold_idx_1_chunck_0_region_126_labels_0_G.png, 1:1.0, 2:1.0, 3:1.0, 4:1.0, 5:0.0, 6:0.0, 7:658.5, 8:70.00178569150933, 9:658.0, 10:70.0, 11:0.0, 12:0.0, 13:658.0, 14:70.0, 15:658.0, 16:70.0, 17:1.1283791670955126, 18:1.0, 19:1.0, 20:1.0, 21:0.0, 22:1.0, 23:0.0, 24:1.0, 25:0.0, 26:0.0, 27:0.0, 28:0.0, 29:0.0, 30:11353, 31:0.0625, 32:0.24206145913796356, 33:0.0625, 34:0.24206145913796356, 35:0, 36:0, 37:1, 38:376.2857142857143, 39:330.14140445993064, 40:1.0, 
C:/Users/windows/Documents/Tcc_Gabi/Ultrasound/DatasetDecomposite/normal/normal (109)_color_threshold_idx_1_chunck_6_region_7_labels_1_G.png, 1:1.0, 2:1.0, 3:1.0, 4:1.0, 5:0.0, 6:0.0, 7:386.5, 8:163.00076686936168, 9:386.0, 10:163.0, 11:0.0, 12:0.0, 13:386.0, 14:163.0, 15:386.0, 16:163.0, 17:1.1283791670955126, 18:1.0, 19:1.0, 20:1.0, 21:0.0, 22:1.0, 23:0.0, 24:1.0, 25:0.0, 26:0.0, 27:0.0, 28:0.0, 29:0.0, 30:1486, 31:0.0625, 32:0.24206145913796356, 33:0.0625, 34:0.24206145913796356, 35:0, 36:0, 37:1, 38:220.85714285714286, 39:227.52106877099067, 40:1.0, 
C:/Users/windows/Documents/Tcc_Gabi/Ultrasound/DatasetDecomposite/normal/normal (11)_color_threshold_idx_1_chunck_12_region_172_labels_2_G.png, 1:1.0, 2:1.0, 3:1.0, 4:1.0, 5:0.0, 6:0.0, 7:473.5, 8:13.009611831257688, 9:473.0, 10:13.0, 11:0.0, 12:0.0, 13:473.0, 14:13.0, 15:473.0, 16:13.0, 17:1.1283791670955126, 18:1.0, 19:1.0, 20:1.0, 21:0.0, 22:1.0, 23:0.0, 24:1.0, 25:0.0, 26:0.0, 27:0.0, 28:0.0, 29:0.0, 30:52907, 31:0.0625, 32:0.24206145913796356, 33:0.0625, 34:0.24206145913796356, 35:0, 36:0, 37:1, 38:270.57142857142856, 39:234.52801059809903, 40:1.0, 
C:/Users/windows/Documents/Tcc_Gabi/Ultrasound/DatasetDecomposite/normal/normal (11)_color_threshold_idx_1_chunck_4_region_172_labels_0_G.png, 1:1.0, 2:1.0, 3:1.0, 4:1.0, 5:0.0, 6:0.0, 7:559.5, 8:143.00087412320246, 9:559.0, 10:143.0, 11:0.0, 12:0.0, 13:559.0, 14:143.0, 15:559.0, 16:143.0, 17:1.1283791670955126, 18:1.0, 19:1.0, 20:1.0, 21:0.0, 22:1.0, 23:0.0, 24:1.0, 25:0.0, 26:0.0, 27:0.0, 28:0.0, 29:0.0, 30:6395, 31:0.0625, 32:0.24206145913796356, 33:0.0625, 34:0.24206145913796356, 35:0, 36:0, 37:1, 38:319.7142857142857, 39:297.2342579206385, 40:1.0, 
C:/Users/windows/Documents/Tcc_Gabi/Ultrasound/DatasetDecomposite/normal/normal (110)_color_threshold_idx_1_chunck_20_region_-1_labels_-1_G.png, 1:1.0, 2:1.0, 3:1.0, 4:1.0, 5:0.0, 6:0.0, 7:357.5, 8:67.00186564566691, 9:357.0, 10:67.0, 11:0.0, 12:0.0, 13:357.0, 14:67.0, 15:357.0, 16:67.0, 17:1.1283791670955126, 18:1.0, 19:1.0, 20:1.0, 21:0.0, 22:1.0, 23:0.0, 24:1.0, 25:0.0, 26:0.0, 27:0.0, 28:0.0, 29:0.0, 30:2159, 31:0.0625, 32:0.24206145913796356, 33:0.0625, 34:0.24206145913796356, 35:0, 36:0, 37:1, 38:204.28571428571428, 39:184.023844950061, 40:1.0, 
C:/Users/windows/Documents/Tcc_Gabi/Ultrasound/DatasetDecomposite/normal/normal (111)_color_threshold_idx_2_chunck_-1_region_1_labels_0_G.png, 1:2.0, 2:2.0, 3:2.0, 4:2.0, 5:2.0, 6:0.0, 7:261.75, 8:235.25132837031973, 9:261.25, 10:235.25, 11:0.25, 12:0.25, 13:261.25, 14:235.250265674664, 15:261.25, 16:235.250265674664, 17:1.5957691216057308, 18:1.0, 19:1.0, 20:1.0, 21:0.0, 22:1.0, 23:0.0, 24:1.0, 25:0.0, 26:0.0625, 27:0.10825317547305482, 28:0.125, 29:0.125, 30:6990, 31:0.3125, 32:0.582961190818051, 33:0.15625, 34:0.4911323014219285, 35:0, 36:0, 37:2, 38:149.57142857142858, 39:220.00769930868793, 40:1.0, 
C:/Users/windows/Documents/Tcc_Gabi/Ultrasound/DatasetDecomposite/normal/normal (112)_color_threshold_idx_2_chunck_2_region_10_labels_0_G.png, 1:3.0, 2:3.0, 3:3.0, 4:3.0, 5:3.265986323710904, 6:0.0, 7:193.0, 8:30.520484924063705, 9:192.5, 10:30.5, 11:0.5, 12:0.5, 13:192.5, 14:30.505463991444767, 15:192.5, 16:30.505463991444767, 17:1.9544100476116797, 18:1.0, 19:1.0, 20:1.0, 21:0.0, 22:1.0, 23:0.0, 24:1.0, 25:0.0, 26:0.16666666666666666, 27:0.2886751345948129, 28:0.3333333333333333, 29:0.3333333333333333, 30:37444, 31:1.25, 32:2.48746859276655, 33:0.3125, 34:0.8454843286542927, 35:0, 36:0, 37:3, 38:110.28571428571429, 39:98.25726332398216, 40:1.0, 
C:/Users/windows/Documents/Tcc_Gabi/Ultrasound/DatasetDecomposite/normal/normal (113)_color_threshold_idx_1_chunck_11_region_8_labels_1_G.png, 1:3.0, 2:3.0, 3:3.0, 4:3.0, 5:3.265986323710904, 6:0.0, 7:825.0, 8:121.5051439240331, 9:824.5, 10:121.5, 11:0.5, 12:0.5, 13:824.5, 14:121.50137173436904, 15:824.5, 16:121.50137173436904, 17:1.9544100476116797, 18:1.0, 19:1.0, 20:1.0, 21:0.0, 22:1.0, 23:0.0, 24:1.0, 25:0.0, 26:0.16666666666666666, 27:0.2886751345948129, 28:0.3333333333333333, 29:0.3333333333333333, 30:59193, 31:1.25, 32:2.48746859276655, 33:0.3125, 34:0.8454843286542927, 35:0, 36:0, 37:3, 38:471.42857142857144, 39:418.4733673528979, 40:1.0, 
C:/Users/windows/Documents/Tcc_Gabi/Ultrasound/DatasetDecomposite/normal/normal (114)_color_threshold_idx_1_chunck_4_region_1_labels_1_G.png, 1:1.0, 2:1.0, 3:1.0, 4:1.0, 5:0.0, 6:0.0, 7:290.0, 8:92.50135134148042, 9:289.5, 10:92.5, 11:0.0, 12:0.0, 13:289.5, 14:92.5, 15:289.5, 16:92.5, 17:1.1283791670955126, 18:1.0, 19:1.0, 20:1.0, 21:0.0, 22:1.0, 23:0.0, 24:1.0, 25:0.0, 26:0.0, 27:0.0, 28:0.0, 29:0.0, 30:10514, 31:0.0625, 32:0.24206145913796356, 33:0.0625, 34:0.24206145913796356, 35:0, 36:0, 37:1, 38:165.71428571428572, 39:159.64130711935275, 40:1.0, 
C:/Users/windows/Documents/Tcc_Gabi/Ultrasound/DatasetDecomposite/normal/normal (114)_color_threshold_idx_2_chunck_4_region_1_labels_1_G.png, 1:3.0, 2:6.0, 3:4.0, 4:3.0, 5:3.677088528342677, 6:0.8374020402130087, 7:254.75, 8:175.2546361726274, 9:254.33333333333334, 10:175.33333333333334, 11:0.8333333333333333, 12:0.16666666666666669, 13:254.33333333333334, 14:175.3346007558754, 15:254.33333333333334, 16:175.3346007558754, 17:1.9544100476116797, 18:1.0, 19:0.5, 20:0.5, 21:0.5, 22:0.6666666666666666, 23:0.4714045207910317, 24:0.5, 25:0.5, 26:0.3888888888888889, 27:0.16666666666666663, 28:0.4444444444444445, 29:0.4006168083848876, 30:4588, 31:2.1875, 32:2.068174013471787, 33:0.21296296296296297, 34:0.990567655354944, 35:0, 36:0, 37:3, 38:145.57142857142858, 39:182.87767741842958, 40:0.75, 
C:/Users/windows/Documents/Tcc_Gabi/Ultrasound/DatasetDecomposite/normal/normal (115)_color_threshold_idx_0_chunck_2_region_-1_labels_-1_G.png, 1:2.0, 2:2.0, 3:2.0, 4:2.0, 5:2.0, 6:0.0, 7:271.75, 8:113.25275934828255, 9:271.25, 10:113.25, 11:0.25, 12:0.25, 13:271.25, 14:113.25055187503503, 15:271.25, 16:113.25055187503503, 17:1.5957691216057308, 18:1.0, 19:1.0, 20:1.0, 21:0.0, 22:1.0, 23:0.0, 24:1.0, 25:0.0, 26:0.0625, 27:0.10825317547305482, 28:0.125, 29:0.125, 30:1585, 31:0.3125, 32:0.582961190818051, 33:0.15625, 34:0.4911323014219285, 35:0, 36:0, 37:2, 38:155.28571428571428, 39:159.4192265566433, 40:1.0, 
C:/Users/windows/Documents/Tcc_Gabi/Ultrasound/DatasetDecomposite/normal/normal (115)_color_threshold_idx_1_chunck_-1_region_-1_labels_-1_G.png, 1:1.0, 2:1.0, 3:1.0, 4:1.0, 5:0.0, 6:0.0, 7:97.0, 8:55.502252206554644, 9:96.5, 10:55.5, 11:0.0, 12:0.0, 13:96.5, 14:55.5, 15:96.5, 16:55.5, 17:1.1283791670955126, 18:1.0, 19:1.0, 20:1.0, 21:0.0, 22:1.0, 23:0.0, 24:1.0, 25:0.0, 26:0.0, 27:0.0, 28:0.0, 29:0.0, 30:2232, 31:0.0625, 32:0.24206145913796356, 33:0.0625, 34:0.24206145913796356, 35:0, 36:0, 37:1, 38:55.42857142857143, 39:63.75367136287053, 40:1.0, 
C:/Users/windows/Documents/Tcc_Gabi/Ultrasound/DatasetDecomposite/normal/normal (115)_color_threshold_idx_1_chunck_10_region_40_labels_1_G.png, 1:2.0, 2:2.0, 3:2.0, 4:2.0, 5:2.0, 6:0.0, 7:292.25, 8:20.765054779605084, 9:291.75, 10:20.75, 11:0.25, 12:0.25, 13:291.75, 14:20.753011829611623, 15:291.75, 16:20.753011829611623, 17:1.5957691216057308, 18:1.0, 19:1.0, 20:1.0, 21:0.0, 22:1.0, 23:0.0, 24:1.0, 25:0.0, 26:0.0625, 27:0.10825317547305482, 28:0.125, 29:0.125, 30:3900, 31:0.3125, 32:0.582961190818051, 33:0.15625, 34:0.4911323014219285, 35:0, 36:0, 37:2, 38:167.0, 39:145.4755747785272, 40:1.0, 
C:/Users/windows/Documents/Tcc_Gabi/Ultrasound/DatasetDecomposite/normal/normal (116)_color_threshold_idx_1_chunck_10_region_156_labels_2_G.png, 1:1.0, 2:1.0, 3:1.0, 4:1.0, 5:0.0, 6:0.0, 7:657.0, 8:72.50172411743047, 9:656.5, 10:72.5, 11:0.0, 12:0.0, 13:656.5, 14:72.5, 15:656.5, 16:72.5, 17:1.1283791670955126, 18:1.0, 19:1.0, 20:1.0, 21:0.0, 22:1.0, 23:0.0, 24:1.0, 25:0.0, 26:0.0, 27:0.0, 28:0.0, 29:0.0, 30:49661, 31:0.0625, 32:0.24206145913796356, 33:0.0625, 34:0.24206145913796356, 35:0, 36:0, 37:1, 38:375.42857142857144, 39:329.717566212945, 40:1.0, 
C:/Users/windows/Documents/Tcc_Gabi/Ultrasound/DatasetDecomposite/normal/normal (117)_color_threshold_idx_1_chunck_4_region_98_labels_0_G.png, 1:2.0, 2:2.0, 3:2.0, 4:2.0, 5:2.0, 6:0.0, 7:671.25, 8:97.75319687866991, 9:670.75, 10:97.75, 11:0.25, 12:0.25, 13:670.75, 14:97.75063938409815, 15:670.75, 16:97.75063938409815, 17:1.5957691216057308, 18:1.0, 19:1.0, 20:1.0, 21:0.0, 22:1.0, 23:0.0, 24:1.0, 25:0.0, 26:0.0625, 27:0.10825317547305482, 28:0.125, 29:0.125, 30:19189, 31:0.3125, 32:0.582961190818051, 33:0.15625, 34:0.4911323014219285, 35:0, 36:0, 37:2, 38:383.57142857142856, 39:340.3023265706359, 40:1.0, 
C:/Users/windows/Documents/Tcc_Gabi/Ultrasound/DatasetDecomposite/normal/normal (118)_color_threshold_idx_1_chunck_6_region_1_labels_1_G.png, 1:1.0, 2:1.0, 3:1.0, 4:1.0, 5:0.0, 6:0.0, 7:352.0, 8:32.50384592629001, 9:351.5, 10:32.5, 11:0.0, 12:0.0, 13:351.5, 14:32.5, 15:351.5, 16:32.5, 17:1.1283791670955126, 18:1.0, 19:1.0, 20:1.0, 21:0.0, 22:1.0, 23:0.0, 24:1.0, 25:0.0, 26:0.0, 27:0.0, 28:0.0, 29:0.0, 30:11548, 31:0.0625, 32:0.24206145913796356, 33:0.0625, 34:0.24206145913796356, 35:0, 36:0, 37:1, 38:201.14285714285714, 39:175.91916046982536, 40:1.0, 
C:/Users/windows/Documents/Tcc_Gabi/Ultrasound/DatasetDecomposite/normal/normal (118)_color_threshold_idx_1_chunck_7_region_1_labels_1_G.png, 1:2.0, 2:2.0, 3:2.0, 4:2.0, 5:2.0, 6:0.0, 7:658.75, 8:216.25144508187685, 9:658.25, 10:216.25, 11:0.25, 12:0.25, 13:658.25, 14:216.2502890171479, 15:658.25, 16:216.2502890171479, 17:1.5957691216057308, 18:1.0, 19:1.0, 20:1.0, 21:0.0, 22:1.0, 23:0.0, 24:1.0, 25:0.0, 26:0.0625, 27:0.10825317547305482, 28:0.125, 29:0.125, 30:5230, 31:0.3125, 32:0.582961190818051, 33:0.15625, 34:0.4911323014219285, 35:0, 36:0, 37:2, 38:376.42857142857144, 39:364.68689394087755, 40:1.0, 
C:/Users/windows/Documents/Tcc_Gabi/Ultrasound/DatasetDecomposite/normal/normal (119)_color_threshold_idx_2_chunck_7_region_28_labels_3_G.png, 1:1.0, 2:1.0, 3:1.0, 4:1.0, 5:0.0, 6:0.0, 7:518.5, 8:33.0037876614185, 9:518.0, 10:33.0, 11:0.0, 12:0.0, 13:518.0, 14:33.0, 15:518.0, 16:33.0, 17:1.1283791670955126, 18:1.0, 19:1.0, 20:1.0, 21:0.0, 22:1.0, 23:0.0, 24:1.0, 25:0.0, 26:0.0, 27:0.0, 28:0.0, 29:0.0, 30:79742, 31:0.0625, 32:0.24206145913796356, 33:0.0625, 34:0.24206145913796356, 35:0, 36:0, 37:1, 38:296.2857142857143, 39:257.8009831997844, 40:1.0, 
C:/Users/windows/Documents/Tcc_Gabi/Ultrasound/DatasetDecomposite/normal/normal (12)_color_threshold_idx_2_chunck_6_region_99_labels_1_G.png, 1:1.0, 2:1.0, 3:1.0, 4:1.0, 5:0.0, 6:0.0, 7:436.0, 8:91.50136611002046, 9:435.5, 10:91.5, 11:0.0, 12:0.0, 13:435.5, 14:91.5, 15:435.5, 16:91.5, 17:1.1283791670955126, 18:1.0, 19:1.0, 20:1.0, 21:0.0, 22:1.0, 23:0.0, 24:1.0, 25:0.0, 26:0.0, 27:0.0, 28:0.0, 29:0.0, 30:10171, 31:0.0625, 32:0.24206145913796356, 33:0.0625, 34:0.24206145913796356, 35:0, 36:0, 37:1, 38:249.14285714285714, 39:226.5798052856108, 40:1.0, 
C:/Users/windows/Documents/Tcc_Gabi/Ultrasound/DatasetDecomposite/normal/normal (120)_color_threshold_idx_1_chunck_6_region_116_labels_1_G.png, 1:5.0, 2:5.0, 3:5.0, 4:5.0, 5:5.656854249492381, 6:0.0, 7:366.0, 8:49.53281740422202, 9:365.5, 10:49.5, 11:1.0, 12:1.0, 13:365.5, 14:49.51009997970111, 15:365.5, 16:49.51009997970111, 17:2.5231325220201604, 18:1.0, 19:1.0, 20:1.0, 21:0.0, 22:1.0, 23:0.0, 24:1.0, 25:0.0, 26:0.5, 27:0.8660254037844386, 28:1.0, 29:1.0, 30:51990, 31:9.0625, 32:24.636022279377812, 33:0.9375, 34:2.633171804117612, 35:0, 36:0, 37:5, 38:209.14285714285714, 39:184.95283458332872, 40:1.0, 
C:/Users/windows/Documents/Tcc_Gabi/Ultrasound/DatasetDecomposite/normal/normal (121)_color_threshold_idx_0_chunck_9_region_12_labels_3_G.png, 1:1.0, 2:1.0, 3:1.0, 4:1.0, 5:0.0, 6:0.0, 7:281.5, 8:183.0006830588345, 9:281.0, 10:183.0, 11:0.0, 12:0.0, 13:281.0, 14:183.0, 15:281.0, 16:183.0, 17:1.1283791670955126, 18:1.0, 19:1.0, 20:1.0, 21:0.0, 22:1.0, 23:0.0, 24:1.0, 25:0.0, 26:0.0, 27:0.0, 28:0.0, 29:0.0, 30:6164, 31:0.0625, 32:0.24206145913796356, 33:0.0625, 34:0.24206145913796356, 35:0, 36:0, 37:1, 38:160.85714285714286, 39:196.32366029553526, 40:1.0, 
C:/Users/windows/Documents/Tcc_Gabi/Ultrasound/DatasetDecomposite/normal/normal (122)_color_threshold_idx_1_chunck_12_region_180_labels_1_G.png, 1:1.0, 2:1.0, 3:1.0, 4:1.0, 5:0.0, 6:0.0, 7:493.5, 8:107.0011682179218, 9:493.0, 10:107.0, 11:0.0, 12:0.0, 13:493.0, 14:107.0, 15:493.0, 16:107.0, 17:1.1283791670955126, 18:1.0, 19:1.0, 20:1.0, 21:0.0, 22:1.0, 23:0.0, 24:1.0, 25:0.0, 26:0.0, 27:0.0, 28:0.0, 29:0.0, 30:4113, 31:0.0625, 32:0.24206145913796356, 33:0.0625, 34:0.24206145913796356, 35:0, 36:0, 37:1, 38:282.0, 39:257.26528831427794, 40:1.0, 
C:/Users/windows/Documents/Tcc_Gabi/Ultrasound/DatasetDecomposite/normal/normal (122)_color_threshold_idx_1_chunck_1_region_-1_labels_-1_G.png, 1:1.0, 2:1.0, 3:1.0, 4:1.0, 5:0.0, 6:0.0, 7:153.5, 8:58.00215513237418, 9:153.0, 10:58.0, 11:0.0, 12:0.0, 13:153.0, 14:58.0, 15:153.0, 16:58.0, 17:1.1283791670955126, 18:1.0, 19:1.0, 20:1.0, 21:0.0, 22:1.0, 23:0.0, 24:1.0, 25:0.0, 26:0.0, 27:0.0, 28:0.0, 29:0.0, 30:1591, 31:0.0625, 32:0.24206145913796356, 33:0.0625, 34:0.24206145913796356, 35:0, 36:0, 37:1, 38:87.71428571428571, 39:87.70846886249971, 40:1.0, 
C:/Users/windows/Documents/Tcc_Gabi/Ultrasound/DatasetDecomposite/normal/normal (122)_color_threshold_idx_2_chunck_14_region_-1_labels_-1_G.png, 1:1.0, 2:1.0, 3:1.0, 4:1.0, 5:0.0, 6:0.0, 7:436.0, 8:208.50059951952176, 9:435.5, 10:208.5, 11:0.0, 12:0.0, 13:435.5, 14:208.5, 15:435.5, 16:208.5, 17:1.1283791670955126, 18:1.0, 19:1.0, 20:1.0, 21:0.0, 22:1.0, 23:0.0, 24:1.0, 25:0.0, 26:0.0, 27:0.0, 28:0.0, 29:0.0, 30:1122, 31:0.0625, 32:0.24206145913796356, 33:0.0625, 34:0.24206145913796356, 35:0, 36:0, 37:1, 38:249.14285714285714, 39:267.1994592442286, 40:1.0, 
C:/Users/windows/Documents/Tcc_Gabi/Ultrasound/DatasetDecomposite/normal/normal (123)_color_threshold_idx_0_chunck_0_region_-1_labels_-1_G.png, 1:1.0, 2:1.0, 3:1.0, 4:1.0, 5:0.0, 6:0.0, 7:106.5, 8:7.0178344238090995, 9:106.0, 10:7.0, 11:0.0, 12:0.0, 13:106.0, 14:7.0, 15:106.0, 16:7.0, 17:1.1283791670955126, 18:1.0, 19:1.0, 20:1.0, 21:0.0, 22:1.0, 23:0.0, 24:1.0, 25:0.0, 26:0.0, 27:0.0, 28:0.0, 29:0.0, 30:1062, 31:0.0625, 32:0.24206145913796356, 33:0.0625, 34:0.24206145913796356, 35:0, 36:0, 37:1, 38:60.857142857142854, 39:52.97014946829844, 40:1.0, 
C:/Users/windows/Documents/Tcc_Gabi/Ultrasound/DatasetDecomposite/normal/normal (124)_color_threshold_idx_2_chunck_4_region_1_labels_1_G.png, 1:1.0, 2:1.0, 3:1.0, 4:1.0, 5:0.0, 6:0.0, 7:230.5, 8:6.020797289396148, 9:230.0, 10:6.0, 11:0.0, 12:0.0, 13:230.0, 14:6.0, 15:230.0, 16:6.0, 17:1.1283791670955126, 18:1.0, 19:1.0, 20:1.0, 21:0.0, 22:1.0, 23:0.0, 24:1.0, 25:0.0, 26:0.0, 27:0.0, 28:0.0, 29:0.0, 30:23391, 31:0.0625, 32:0.24206145913796356, 33:0.0625, 34:0.24206145913796356, 35:0, 36:0, 37:1, 38:131.71428571428572, 39:114.15867939684942, 40:1.0, 
C:/Users/windows/Documents/Tcc_Gabi/Ultrasound/DatasetDecomposite/normal/normal (125)_color_threshold_idx_1_chunck_14_region_-1_labels_-1_G.png, 1:1.0, 2:1.0, 3:1.0, 4:1.0, 5:0.0, 6:0.0, 7:229.0, 8:15.508062419270823, 9:228.5, 10:15.5, 11:0.0, 12:0.0, 13:228.5, 14:15.5, 15:228.5, 16:15.5, 17:1.1283791670955126, 18:1.0, 19:1.0, 20:1.0, 21:0.0, 22:1.0, 23:0.0, 24:1.0, 25:0.0, 26:0.0, 27:0.0, 28:0.0, 29:0.0, 30:1890, 31:0.0625, 32:0.24206145913796356, 33:0.0625, 34:0.24206145913796356, 35:0, 36:0, 37:1, 38:130.85714285714286, 39:113.93034033557345, 40:1.0, 
C:/Users/windows/Documents/Tcc_Gabi/Ultrasound/DatasetDecomposite/normal/normal (126)_color_threshold_idx_1_chunck_17_region_-1_labels_-1_G.png, 1:2.0, 2:2.0, 3:2.0, 4:2.0, 5:2.0, 6:0.0, 7:397.75, 8:75.75412530021055, 9:397.25, 10:75.75, 11:0.25, 12:0.25, 13:397.25, 14:75.75082507801483, 15:397.25, 16:75.75082507801483, 17:1.5957691216057308, 18:1.0, 19:1.0, 20:1.0, 21:0.0, 22:1.0, 23:0.0, 24:1.0, 25:0.0, 26:0.0625, 27:0.10825317547305482, 28:0.125, 29:0.125, 30:2937, 31:0.3125, 32:0.582961190818051, 33:0.15625, 34:0.4911323014219285, 35:0, 36:0, 37:2, 38:227.28571428571428, 39:204.99596810370568, 40:1.0, 
C:/Users/windows/Documents/Tcc_Gabi/Ultrasound/DatasetDecomposite/normal/normal (126)_color_threshold_idx_2_chunck_9_region_-1_labels_-1_G.png, 1:1.0, 2:1.0, 3:1.0, 4:1.0, 5:0.0, 6:0.0, 7:58.5, 8:14.0089257261219, 9:58.0, 10:14.0, 11:0.0, 12:0.0, 13:58.0, 14:14.0, 15:58.0, 16:14.0, 17:1.1283791670955126, 18:1.0, 19:1.0, 20:1.0, 21:0.0, 22:1.0, 23:0.0, 24:1.0, 25:0.0, 26:0.0, 27:0.0, 28:0.0, 29:0.0, 30:1260, 31:0.0625, 32:0.24206145913796356, 33:0.0625, 34:0.24206145913796356, 35:0, 36:0, 37:1, 38:33.42857142857143, 39:30.82604252834255, 40:1.0, 
C:/Users/windows/Documents/Tcc_Gabi/Ultrasound/DatasetDecomposite/normal/normal (127)_color_threshold_idx_0_chunck_3_region_-1_labels_-1_G.png, 1:1.0, 2:1.0, 3:1.0, 4:1.0, 5:0.0, 6:0.0, 7:484.0, 8:17.507141400011598, 9:483.5, 10:17.5, 11:0.0, 12:0.0, 13:483.5, 14:17.5, 15:483.5, 16:17.5, 17:1.1283791670955126, 18:1.0, 19:1.0, 20:1.0, 21:0.0, 22:1.0, 23:0.0, 24:1.0, 25:0.0, 26:0.0, 27:0.0, 28:0.0, 29:0.0, 30:4525, 31:0.0625, 32:0.24206145913796356, 33:0.0625, 34:0.24206145913796356, 35:0, 36:0, 37:1, 38:276.57142857142856, 39:239.88321988766424, 40:1.0, 
C:/Users/windows/Documents/Tcc_Gabi/Ultrasound/DatasetDecomposite/normal/normal (128)_color_threshold_idx_2_chunck_1_region_53_labels_0_G.png, 1:1.0, 2:1.0, 3:1.0, 4:1.0, 5:0.0, 6:0.0, 7:475.5, 8:91.00137361600648, 9:475.0, 10:91.0, 11:0.0, 12:0.0, 13:475.0, 14:91.0, 15:475.0, 16:91.0, 17:1.1283791670955126, 18:1.0, 19:1.0, 20:1.0, 21:0.0, 22:1.0, 23:0.0, 24:1.0, 25:0.0, 26:0.0, 27:0.0, 28:0.0, 29:0.0, 30:10868, 31:0.0625, 32:0.24206145913796356, 33:0.0625, 34:0.24206145913796356, 35:0, 36:0, 37:1, 38:271.7142857142857, 39:245.16042228112846, 40:1.0, 
C:/Users/windows/Documents/Tcc_Gabi/Ultrasound/DatasetDecomposite/normal/normal (129)_color_threshold_idx_1_chunck_15_region_3_labels_2_G.png, 1:1.0, 2:1.0, 3:1.0, 4:1.0, 5:0.0, 6:0.0, 7:145.5, 8:1.118033988749895, 9:145.0, 10:1.0, 11:0.0, 12:0.0, 13:145.0, 14:1.0, 15:145.0, 16:1.0, 17:1.1283791670955126, 18:1.0, 19:1.0, 20:1.0, 21:0.0, 22:1.0, 23:0.0, 24:1.0, 25:0.0, 26:0.0, 27:0.0, 28:0.0, 29:0.0, 30:27832, 31:0.0625, 32:0.24206145913796356, 33:0.0625, 34:0.24206145913796356, 35:0, 36:0, 37:1, 38:83.14285714285714, 39:72.00878631196646, 40:1.0, 
C:/Users/windows/Documents/Tcc_Gabi/Ultrasound/DatasetDecomposite/normal/normal (13)_color_threshold_idx_1_chunck_5_region_140_labels_0_G.png, 1:1.0, 2:1.0, 3:1.0, 4:1.0, 5:0.0, 6:0.0, 7:523.0, 8:50.502475186865844, 9:522.5, 10:50.5, 11:0.0, 12:0.0, 13:522.5, 14:50.5, 15:522.5, 16:50.5, 17:1.1283791670955126, 18:1.0, 19:1.0, 20:1.0, 21:0.0, 22:1.0, 23:0.0, 24:1.0, 25:0.0, 26:0.0, 27:0.0, 28:0.0, 29:0.0, 30:37825, 31:0.0625, 32:0.24206145913796356, 33:0.0625, 34:0.24206145913796356, 35:0, 36:0, 37:1, 38:298.85714285714283, 39:261.6182762136078, 40:1.0, 
C:/Users/windows/Documents/Tcc_Gabi/Ultrasound/DatasetDecomposite/normal/normal (130)_color_threshold_idx_1_chunck_19_region_1_labels_3_G.png, 1:4.0, 2:4.0, 3:4.0, 4:4.0, 5:4.47213595499958, 6:0.0, 7:181.75, 8:71.76480683454808, 9:181.25, 10:71.75, 11:0.75, 12:0.75, 13:181.25, 14:71.75435526851314, 15:181.25, 16:71.75435526851314, 17:2.256758334191025, 18:1.0, 19:1.0, 20:1.0, 21:0.0, 22:1.0, 23:0.0, 24:1.0, 25:0.0, 26:0.3125, 27:0.5412658773652742, 28:0.625, 29:0.625, 30:11042, 31:3.75, 32:9.079509898667439, 33:0.5625, 34:1.4986973510352248, 35:0, 36:0, 37:4, 38:103.85714285714286, 39:105.03663112243757, 40:1.0, 
C:/Users/windows/Documents/Tcc_Gabi/Ultrasound/DatasetDecomposite/normal/normal (131)_color_threshold_idx_1_chunck_1_region_1_labels_1_G.png, 1:1.0, 2:1.0, 3:1.0, 4:1.0, 5:0.0, 6:0.0, 7:41.5, 8:10.012492197250394, 9:41.0, 10:10.0, 11:0.0, 12:0.0, 13:41.0, 14:10.0, 15:41.0, 16:10.0, 17:1.1283791670955126, 18:1.0, 19:1.0, 20:1.0, 21:0.0, 22:1.0, 23:0.0, 24:1.0, 25:0.0, 26:0.0, 27:0.0, 28:0.0, 29:0.0, 30:5054, 31:0.0625, 32:0.24206145913796356, 33:0.0625, 34:0.24206145913796356, 35:0, 36:0, 37:1, 38:23.714285714285715, 39:21.8874672927179, 40:1.0, 
C:/Users/windows/Documents/Tcc_Gabi/Ultrasound/DatasetDecomposite/normal/normal (132)_color_threshold_idx_0_chunck_9_region_-1_labels_-1_G.png, 1:1.0, 2:1.0, 3:1.0, 4:1.0, 5:0.0, 6:0.0, 7:373.0, 8:326.5003828481676, 9:372.5, 10:326.5, 11:0.0, 12:0.0, 13:372.5, 14:326.5, 15:372.5, 16:326.5, 17:1.1283791670955126, 18:1.0, 19:1.0, 20:1.0, 21:0.0, 22:1.0, 23:0.0, 24:1.0, 25:0.0, 26:0.0, 27:0.0, 28:0.0, 29:0.0, 30:2108, 31:0.0625, 32:0.24206145913796356, 33:0.0625, 34:0.24206145913796356, 35:0, 36:0, 37:1, 38:213.14285714285714, 39:308.2014316140981, 40:1.0, 
C:/Users/windows/Documents/Tcc_Gabi/Ultrasound/DatasetDecomposite/normal/normal (132)_color_threshold_idx_2_chunck_9_region_53_labels_1_G.png, 1:2.0, 2:2.0, 3:2.0, 4:2.0, 5:2.0, 6:0.0, 7:234.75, 8:163.75190838582614, 9:234.25, 10:163.75, 11:0.25, 12:0.25, 13:234.25, 14:163.75038167894448, 15:234.25, 16:163.75038167894448, 17:1.5957691216057308, 18:1.0, 19:1.0, 20:1.0, 21:0.0, 22:1.0, 23:0.0, 24:1.0, 25:0.0, 26:0.0625, 27:0.10825317547305482, 28:0.125, 29:0.125, 30:35508, 31:0.3125, 32:0.582961190818051, 33:0.15625, 34:0.4911323014219285, 35:0, 36:0, 37:2, 38:134.14285714285714, 39:169.75985439221284, 40:1.0, 
C:/Users/windows/Documents/Tcc_Gabi/Ultrasound/DatasetDecomposite/normal/normal (133)_color_threshold_idx_1_chunck_20_region_-1_labels_-1_G.png, 1:1.0, 2:1.0, 3:1.0, 4:1.0, 5:0.0, 6:0.0, 7:263.5, 8:171.0007309925896, 9:263.0, 10:171.0, 11:0.0, 12:0.0, 13:263.0, 14:171.0, 15:263.0, 16:171.0, 17:1.1283791670955126, 18:1.0, 19:1.0, 20:1.0, 21:0.0, 22:1.0, 23:0.0, 24:1.0, 25:0.0, 26:0.0, 27:0.0, 28:0.0, 29:0.0, 30:613, 31:0.0625, 32:0.24206145913796356, 33:0.0625, 34:0.24206145913796356, 35:0, 36:0, 37:1, 38:150.57142857142858, 39:183.61127972108994, 40:1.0, 
C:/Users/windows/Documents/Tcc_Gabi/Ultrasound/DatasetDecomposite/normal/normal (133)_color_threshold_idx_2_chunck_11_region_-1_labels_-1_G.png, 1:1.0, 2:1.0, 3:1.0, 4:1.0, 5:0.0, 6:0.0, 7:291.0, 8:164.5007598766644, 9:290.5, 10:164.5, 11:0.0, 12:0.0, 13:290.5, 14:164.5, 15:290.5, 16:164.5, 17:1.1283791670955126, 18:1.0, 19:1.0, 20:1.0, 21:0.0, 22:1.0, 23:0.0, 24:1.0, 25:0.0, 26:0.0, 27:0.0, 28:0.0, 29:0.0, 30:799, 31:0.0625, 32:0.24206145913796356, 33:0.0625, 34:0.24206145913796356, 35:0, 36:0, 37:1, 38:166.28571428571428, 39:190.26651554799523, 40:1.0, 
C:/Users/windows/Documents/Tcc_Gabi/Ultrasound/DatasetDecomposite/normal/normal (14)_color_threshold_idx_2_chunck_1_region_31_labels_1_G.png, 1:1.0, 2:1.0, 3:1.0, 4:1.0, 5:0.0, 6:0.0, 7:451.0, 8:133.50093632630447, 9:450.5, 10:133.5, 11:0.0, 12:0.0, 13:450.5, 14:133.5, 15:450.5, 16:133.5, 17:1.1283791670955126, 18:1.0, 19:1.0, 20:1.0, 21:0.0, 22:1.0, 23:0.0, 24:1.0, 25:0.0, 26:0.0, 27:0.0, 28:0.0, 29:0.0, 30:3414, 31:0.0625, 32:0.24206145913796356, 33:0.0625, 34:0.24206145913796356, 35:0, 36:0, 37:1, 38:257.7142857142857, 39:244.9423922276503, 40:1.0, 
C:/Users/windows/Documents/Tcc_Gabi/Ultrasound/DatasetDecomposite/normal/normal (15)_color_threshold_idx_1_chunck_7_region_-1_labels_-1_G.png, 1:1.0, 2:1.0, 3:1.0, 4:1.0, 5:0.0, 6:0.0, 7:358.0, 8:41.50301193889427, 9:357.5, 10:41.5, 11:0.0, 12:0.0, 13:357.5, 14:41.5, 15:357.5, 16:41.5, 17:1.1283791670955126, 18:1.0, 19:1.0, 20:1.0, 21:0.0, 22:1.0, 23:0.0, 24:1.0, 25:0.0, 26:0.0, 27:0.0, 28:0.0, 29:0.0, 30:482, 31:0.0625, 32:0.24206145913796356, 33:0.0625, 34:0.24206145913796356, 35:0, 36:0, 37:1, 38:204.57142857142858, 39:179.9205039874612, 40:1.0, 
C:/Users/windows/Documents/Tcc_Gabi/Ultrasound/DatasetDecomposite/normal/normal (16)_color_threshold_idx_2_chunck_1_region_27_labels_0_G.png, 1:1.0, 2:1.0, 3:1.0, 4:1.0, 5:0.0, 6:0.0, 7:514.5, 8:51.00245092149984, 9:514.0, 10:51.0, 11:0.0, 12:0.0, 13:514.0, 14:51.0, 15:514.0, 16:51.0, 17:1.1283791670955126, 18:1.0, 19:1.0, 20:1.0, 21:0.0, 22:1.0, 23:0.0, 24:1.0, 25:0.0, 26:0.0, 27:0.0, 28:0.0, 29:0.0, 30:40240, 31:0.0625, 32:0.24206145913796356, 33:0.0625, 34:0.24206145913796356, 35:0, 36:0, 37:1, 38:294.0, 39:257.5139385963963, 40:1.0, 
C:/Users/windows/Documents/Tcc_Gabi/Ultrasound/DatasetDecomposite/normal/normal (17)_color_threshold_idx_2_chunck_2_region_52_labels_0_G.png, 1:1.0, 2:1.0, 3:1.0, 4:1.0, 5:0.0, 6:0.0, 7:512.0, 8:47.502631506054485, 9:511.5, 10:47.5, 11:0.0, 12:0.0, 13:511.5, 14:47.5, 15:511.5, 16:47.5, 17:1.1283791670955126, 18:1.0, 19:1.0, 20:1.0, 21:0.0, 22:1.0, 23:0.0, 24:1.0, 25:0.0, 26:0.0, 27:0.0, 28:0.0, 29:0.0, 30:30488, 31:0.0625, 32:0.24206145913796356, 33:0.0625, 34:0.24206145913796356, 35:0, 36:0, 37:1, 38:292.57142857142856, 39:255.90615307896266, 40:1.0, 
C:/Users/windows/Documents/Tcc_Gabi/Ultrasound/DatasetDecomposite/normal/normal (18)_color_threshold_idx_1_chunck_-1_region_-1_labels_-1_G.png, 1:1.0, 2:1.0, 3:1.0, 4:1.0, 5:0.0, 6:0.0, 7:291.0, 8:225.50055432304373, 9:290.5, 10:225.5, 11:0.0, 12:0.0, 13:290.5, 14:225.5, 15:290.5, 16:225.5, 17:1.1283791670955126, 18:1.0, 19:1.0, 20:1.0, 21:0.0, 22:1.0, 23:0.0, 24:1.0, 25:0.0, 26:0.0, 27:0.0, 28:0.0, 29:0.0, 30:1204, 31:0.0625, 32:0.24206145913796356, 33:0.0625, 34:0.24206145913796356, 35:0, 36:0, 37:1, 38:166.28571428571428, 39:223.14935055487217, 40:1.0, 
C:/Users/windows/Documents/Tcc_Gabi/Ultrasound/DatasetDecomposite/normal/normal (19)_color_threshold_idx_0_chunck_4_region_-1_labels_-1_G.png, 1:1.0, 2:1.0, 3:1.0, 4:1.0, 5:0.0, 6:0.0, 7:350.5, 8:69.00181157042184, 9:350.0, 10:69.0, 11:0.0, 12:0.0, 13:350.0, 14:69.0, 15:350.0, 16:69.0, 17:1.1283791670955126, 18:1.0, 19:1.0, 20:1.0, 21:0.0, 22:1.0, 23:0.0, 24:1.0, 25:0.0, 26:0.0, 27:0.0, 28:0.0, 29:0.0, 30:1786, 31:0.0625, 32:0.24206145913796356, 33:0.0625, 34:0.24206145913796356, 35:0, 36:0, 37:1, 38:200.28571428571428, 39:181.1256188282551, 40:1.0, 
C:/Users/windows/Documents/Tcc_Gabi/Ultrasound/DatasetDecomposite/normal/normal (2)_color_threshold_idx_2_chunck_2_region_-1_labels_-1_G.png, 1:1.0, 2:1.0, 3:1.0, 4:1.0, 5:0.0, 6:0.0, 7:347.5, 8:204.0006127441778, 9:347.0, 10:204.0, 11:0.0, 12:0.0, 13:347.0, 14:204.0, 15:347.0, 16:204.0, 17:1.1283791670955126, 18:1.0, 19:1.0, 20:1.0, 21:0.0, 22:1.0, 23:0.0, 24:1.0, 25:0.0, 26:0.0, 27:0.0, 28:0.0, 29:0.0, 30:2643, 31:0.0625, 32:0.24206145913796356, 33:0.0625, 34:0.24206145913796356, 35:0, 36:0, 37:1, 38:198.57142857142858, 39:230.98414116425346, 40:1.0, 
C:/Users/windows/Documents/Tcc_Gabi/Ultrasound/DatasetDecomposite/normal/normal (20)_color_threshold_idx_1_chunck_31_region_112_labels_3_G.png, 1:1.0, 2:1.0, 3:1.0, 4:1.0, 5:0.0, 6:0.0, 7:553.5, 8:36.003472054789384, 9:553.0, 10:36.0, 11:0.0, 12:0.0, 13:553.0, 14:36.0, 15:553.0, 16:36.0, 17:1.1283791670955126, 18:1.0, 19:1.0, 20:1.0, 21:0.0, 22:1.0, 23:0.0, 24:1.0, 25:0.0, 26:0.0, 27:0.0, 28:0.0, 29:0.0, 30:15565, 31:0.0625, 32:0.24206145913796356, 33:0.0625, 34:0.24206145913796356, 35:0, 36:0, 37:1, 38:316.2857142857143, 39:275.2602479139199, 40:1.0, 
C:/Users/windows/Documents/Tcc_Gabi/Ultrasound/DatasetDecomposite/normal/normal (21)_color_threshold_idx_1_chunck_13_region_99_labels_3_G.png, 1:1.0, 2:1.0, 3:1.0, 4:1.0, 5:0.0, 6:0.0, 7:238.5, 8:42.00297608503474, 9:238.0, 10:42.0, 11:0.0, 12:0.0, 13:238.0, 14:42.0, 15:238.0, 16:42.0, 17:1.1283791670955126, 18:1.0, 19:1.0, 20:1.0, 21:0.0, 22:1.0, 23:0.0, 24:1.0, 25:0.0, 26:0.0, 27:0.0, 28:0.0, 29:0.0, 30:6591, 31:0.0625, 32:0.24206145913796356, 33:0.0625, 34:0.24206145913796356, 35:0, 36:0, 37:1, 38:136.28571428571428, 39:122.22311481842692, 40:1.0, 
C:/Users/windows/Documents/Tcc_Gabi/Ultrasound/DatasetDecomposite/normal/normal (21)_color_threshold_idx_2_chunck_1_region_-1_labels_-1_G.png, 1:3.0, 2:3.0, 3:3.0, 4:3.0, 5:3.265986323710904, 6:0.0, 7:289.5, 8:173.00361267904205, 9:289.0, 10:173.0, 11:0.5, 12:0.5, 13:289.0, 14:173.00096338845438, 15:289.0, 16:173.00096338845438, 17:1.9544100476116797, 18:1.0, 19:1.0, 20:1.0, 21:0.0, 22:1.0, 23:0.0, 24:1.0, 25:0.0, 26:0.16666666666666666, 27:0.2886751345948129, 28:0.3333333333333333, 29:0.3333333333333333, 30:485, 31:1.25, 32:2.48746859276655, 33:0.3125, 34:0.8454843286542927, 35:0, 36:0, 37:3, 38:165.42857142857142, 39:193.9792751395712, 40:1.0, 
C:/Users/windows/Documents/Tcc_Gabi/Ultrasound/DatasetDecomposite/normal/normal (22)_color_threshold_idx_2_chunck_0_region_102_labels_0_G.png, 1:1.0, 2:1.0, 3:1.0, 4:1.0, 5:0.0, 6:0.0, 7:510.5, 8:41.00304866714181, 9:510.0, 10:41.0, 11:0.0, 12:0.0, 13:510.0, 14:41.0, 15:510.0, 16:41.0, 17:1.1283791670955126, 18:1.0, 19:1.0, 20:1.0, 21:0.0, 22:1.0, 23:0.0, 24:1.0, 25:0.0, 26:0.0, 27:0.0, 28:0.0, 29:0.0, 30:77355, 31:0.0625, 32:0.24206145913796356, 33:0.0625, 34:0.24206145913796356, 35:0, 36:0, 37:1, 38:291.7142857142857, 39:254.52629069127855, 40:1.0, 
C:/Users/windows/Documents/Tcc_Gabi/Ultrasound/DatasetDecomposite/normal/normal (23)_color_threshold_idx_1_chunck_1_region_64_labels_0_G.png, 1:2.0, 2:2.0, 3:2.0, 4:2.0, 5:2.0, 6:0.0, 7:457.25, 8:162.7519201115612, 9:456.75, 10:162.75, 11:0.25, 12:0.25, 13:456.75, 14:162.75038402412451, 15:456.75, 16:162.75038402412451, 17:1.5957691216057308, 18:1.0, 19:1.0, 20:1.0, 21:0.0, 22:1.0, 23:0.0, 24:1.0, 25:0.0, 26:0.0625, 27:0.10825317547305482, 28:0.125, 29:0.125, 30:9375, 31:0.3125, 32:0.582961190818051, 33:0.15625, 34:0.4911323014219285, 35:0, 36:0, 37:2, 38:261.2857142857143, 39:257.563148587301, 40:1.0, 
C:/Users/windows/Documents/Tcc_Gabi/Ultrasound/DatasetDecomposite/normal/normal (24)_color_threshold_idx_0_chunck_7_region_113_labels_3_G.png, 1:1.0, 2:1.0, 3:1.0, 4:1.0, 5:0.0, 6:0.0, 7:493.0, 8:14.508618128546908, 9:492.5, 10:14.5, 11:0.0, 12:0.0, 13:492.5, 14:14.5, 15:492.5, 16:14.5, 17:1.1283791670955126, 18:1.0, 19:1.0, 20:1.0, 21:0.0, 22:1.0, 23:0.0, 24:1.0, 25:0.0, 26:0.0, 27:0.0, 28:0.0, 29:0.0, 30:6784, 31:0.0625, 32:0.24206145913796356, 33:0.0625, 34:0.24206145913796356, 35:0, 36:0, 37:1, 38:281.7142857142857, 39:244.21811930304918, 40:1.0, 
C:/Users/windows/Documents/Tcc_Gabi/Ultrasound/DatasetDecomposite/normal/normal (24)_color_threshold_idx_2_chunck_0_region_-1_labels_-1_G.png, 1:1.0, 2:1.0, 3:1.0, 4:1.0, 5:0.0, 6:0.0, 7:344.0, 8:217.50057471188438, 9:343.5, 10:217.5, 11:0.0, 12:0.0, 13:343.5, 14:217.5, 15:343.5, 16:217.5, 17:1.1283791670955126, 18:1.0, 19:1.0, 20:1.0, 21:0.0, 22:1.0, 23:0.0, 24:1.0, 25:0.0, 26:0.0, 27:0.0, 28:0.0, 29:0.0, 30:567, 31:0.0625, 32:0.24206145913796356, 33:0.0625, 34:0.24206145913796356, 35:0, 36:0, 37:1, 38:196.57142857142858, 39:236.6696655937235, 40:1.0, 
C:/Users/windows/Documents/Tcc_Gabi/Ultrasound/DatasetDecomposite/normal/normal (25)_color_threshold_idx_1_chunck_5_region_181_labels_0_G.png, 1:1.0, 2:1.0, 3:1.0, 4:1.0, 5:0.0, 6:0.0, 7:454.0, 8:68.50182479321262, 9:453.5, 10:68.5, 11:0.0, 12:0.0, 13:453.5, 14:68.5, 15:453.5, 16:68.5, 17:1.1283791670955126, 18:1.0, 19:1.0, 20:1.0, 21:0.0, 22:1.0, 23:0.0, 24:1.0, 25:0.0, 26:0.0, 27:0.0, 28:0.0, 29:0.0, 30:29794, 31:0.0625, 32:0.24206145913796356, 33:0.0625, 34:0.24206145913796356, 35:0, 36:0, 37:1, 38:259.42857142857144, 39:230.56195767413718, 40:1.0, 
C:/Users/windows/Documents/Tcc_Gabi/Ultrasound/DatasetDecomposite/normal/normal (25)_color_threshold_idx_1_chunck_7_region_181_labels_0_G.png, 1:1.0, 2:1.0, 3:1.0, 4:1.0, 5:0.0, 6:0.0, 7:597.5, 8:27.004629232781554, 9:597.0, 10:27.0, 11:0.0, 12:0.0, 13:597.0, 14:27.0, 15:597.0, 16:27.0, 17:1.1283791670955126, 18:1.0, 19:1.0, 20:1.0, 21:0.0, 22:1.0, 23:0.0, 24:1.0, 25:0.0, 26:0.0, 27:0.0, 28:0.0, 29:0.0, 30:5949, 31:0.0625, 32:0.24206145913796356, 33:0.0625, 34:0.24206145913796356, 35:0, 36:0, 37:1, 38:341.42857142857144, 39:296.3896359971627, 40:1.0, 
C:/Users/windows/Documents/Tcc_Gabi/Ultrasound/DatasetDecomposite/normal/normal (26)_color_threshold_idx_2_chunck_1_region_1_labels_0_G.png, 1:1.0, 2:1.0, 3:1.0, 4:1.0, 5:0.0, 6:0.0, 7:369.0, 8:105.50118482747007, 9:368.5, 10:105.5, 11:0.0, 12:0.0, 13:368.5, 14:105.5, 15:368.5, 16:105.5, 17:1.1283791670955126, 18:1.0, 19:1.0, 20:1.0, 21:0.0, 22:1.0, 23:0.0, 24:1.0, 25:0.0, 26:0.0, 27:0.0, 28:0.0, 29:0.0, 30:91557, 31:0.0625, 32:0.24206145913796356, 33:0.0625, 34:0.24206145913796356, 35:0, 36:0, 37:1, 38:210.85714285714286, 39:199.26323477925843, 40:1.0, 
C:/Users/windows/Documents/Tcc_Gabi/Ultrasound/DatasetDecomposite/normal/normal (27)_color_threshold_idx_2_chunck_3_region_1_labels_1_G.png, 1:1.0, 2:1.0, 3:1.0, 4:1.0, 5:0.0, 6:0.0, 7:380.0, 8:169.50073746152256, 9:379.5, 10:169.5, 11:0.0, 12:0.0, 13:379.5, 14:169.5, 15:379.5, 16:169.5, 17:1.1283791670955126, 18:1.0, 19:1.0, 20:1.0, 21:0.0, 22:1.0, 23:0.0, 24:1.0, 25:0.0, 26:0.0, 27:0.0, 28:0.0, 29:0.0, 30:57061, 31:0.0625, 32:0.24206145913796356, 33:0.0625, 34:0.24206145913796356, 35:0, 36:0, 37:1, 38:217.14285714285714, 39:227.5537164661369, 40:1.0, 
C:/Users/windows/Documents/Tcc_Gabi/Ultrasound/DatasetDecomposite/normal/normal (28)_color_threshold_idx_1_chunck_15_region_-1_labels_-1_G.png, 1:1.0, 2:1.0, 3:1.0, 4:1.0, 5:0.0, 6:0.0, 7:303.0, 8:71.50174823037545, 9:302.5, 10:71.5, 11:0.0, 12:0.0, 13:302.5, 14:71.5, 15:302.5, 16:71.5, 17:1.1283791670955126, 18:1.0, 19:1.0, 20:1.0, 21:0.0, 22:1.0, 23:0.0, 24:1.0, 25:0.0, 26:0.0, 27:0.0, 28:0.0, 29:0.0, 30:2108, 31:0.0625, 32:0.24206145913796356, 33:0.0625, 34:0.24206145913796356, 35:0, 36:0, 37:1, 38:173.14285714285714, 39:159.3902923835779, 40:1.0, 
C:/Users/windows/Documents/Tcc_Gabi/Ultrasound/DatasetDecomposite/normal/normal (28)_color_threshold_idx_1_chunck_18_region_-1_labels_-1_G.png, 1:1.0, 2:1.0, 3:1.0, 4:1.0, 5:0.0, 6:0.0, 7:375.5, 8:66.00189391222042, 9:375.0, 10:66.0, 11:0.0, 12:0.0, 13:375.0, 14:66.0, 15:375.0, 16:66.0, 17:1.1283791670955126, 18:1.0, 19:1.0, 20:1.0, 21:0.0, 22:1.0, 23:0.0, 24:1.0, 25:0.0, 26:0.0, 27:0.0, 28:0.0, 29:0.0, 30:936, 31:0.0625, 32:0.24206145913796356, 33:0.0625, 34:0.24206145913796356, 35:0, 36:0, 37:1, 38:214.57142857142858, 39:192.40571504940664, 40:1.0, 
C:/Users/windows/Documents/Tcc_Gabi/Ultrasound/DatasetDecomposite/normal/normal (29)_color_threshold_idx_1_chunck_2_region_1_labels_0_G.png, 1:1.0, 2:1.0, 3:1.0, 4:1.0, 5:0.0, 6:0.0, 7:363.0, 8:41.50301193889427, 9:362.5, 10:41.5, 11:0.0, 12:0.0, 13:362.5, 14:41.5, 15:362.5, 16:41.5, 17:1.1283791670955126, 18:1.0, 19:1.0, 20:1.0, 21:0.0, 22:1.0, 23:0.0, 24:1.0, 25:0.0, 26:0.0, 27:0.0, 28:0.0, 29:0.0, 30:3690, 31:0.0625, 32:0.24206145913796356, 33:0.0625, 34:0.24206145913796356, 35:0, 36:0, 37:1, 38:207.42857142857142, 39:182.35746460718076, 40:1.0, 
C:/Users/windows/Documents/Tcc_Gabi/Ultrasound/DatasetDecomposite/normal/normal (3)_color_threshold_idx_1_chunck_1_region_13_labels_0_G.png, 1:2.0, 2:2.0, 3:2.0, 4:2.0, 5:2.0, 6:0.0, 7:267.75, 8:95.75326365195079, 9:267.25, 10:95.75, 11:0.25, 12:0.25, 13:267.25, 14:95.75065273928946, 15:267.25, 16:95.75065273928946, 17:1.5957691216057308, 18:1.0, 19:1.0, 20:1.0, 21:0.0, 22:1.0, 23:0.0, 24:1.0, 25:0.0, 26:0.0625, 27:0.10825317547305482, 28:0.125, 29:0.125, 30:1513, 31:0.3125, 32:0.582961190818051, 33:0.15625, 34:0.4911323014219285, 35:0, 36:0, 37:2, 38:153.0, 39:150.98344280085814, 40:1.0, 
C:/Users/windows/Documents/Tcc_Gabi/Ultrasound/DatasetDecomposite/normal/normal (30)_color_threshold_idx_0_chunck_5_region_80_labels_1_G.png, 1:2.0, 2:2.0, 3:2.0, 4:2.0, 5:2.0, 6:0.0, 7:224.25, 8:152.25205253132057, 9:223.75, 10:152.25, 11:0.25, 12:0.25, 13:223.75, 14:152.25041050847778, 15:223.75, 16:152.25041050847778, 17:1.5957691216057308, 18:1.0, 19:1.0, 20:1.0, 21:0.0, 22:1.0, 23:0.0, 24:1.0, 25:0.0, 26:0.0625, 27:0.10825317547305482, 28:0.125, 29:0.125, 30:3868, 31:0.3125, 32:0.582961190818051, 33:0.15625, 34:0.4911323014219285, 35:0, 36:0, 37:2, 38:128.14285714285714, 39:159.87980178999524, 40:1.0, 
C:/Users/windows/Documents/Tcc_Gabi/Ultrasound/DatasetDecomposite/normal/normal (31)_color_threshold_idx_2_chunck_-1_region_49_labels_0_G.png, 1:1.0, 2:1.0, 3:1.0, 4:1.0, 5:0.0, 6:0.0, 7:245.5, 8:141.00088652203573, 9:245.0, 10:141.0, 11:0.0, 12:0.0, 13:245.0, 14:141.0, 15:245.0, 16:141.0, 17:1.1283791670955126, 18:1.0, 19:1.0, 20:1.0, 21:0.0, 22:1.0, 23:0.0, 24:1.0, 25:0.0, 26:0.0, 27:0.0, 28:0.0, 29:0.0, 30:19838, 31:0.0625, 32:0.24206145913796356, 33:0.0625, 34:0.24206145913796356, 35:0, 36:0, 37:1, 38:140.28571428571428, 39:161.6192300136468, 40:1.0, 
C:/Users/windows/Documents/Tcc_Gabi/Ultrasound/DatasetDecomposite/normal/normal (32)_color_threshold_idx_0_chunck_-1_region_-1_labels_-1_G.png, 1:1.0, 2:1.0, 3:1.0, 4:1.0, 5:0.0, 6:0.0, 7:441.5, 8:88.00142044308149, 9:441.0, 10:88.0, 11:0.0, 12:0.0, 13:441.0, 14:88.0, 15:441.0, 16:88.0, 17:1.1283791670955126, 18:1.0, 19:1.0, 20:1.0, 21:0.0, 22:1.0, 23:0.0, 24:1.0, 25:0.0, 26:0.0, 27:0.0, 28:0.0, 29:0.0, 30:599, 31:0.0625, 32:0.24206145913796356, 33:0.0625, 34:0.24206145913796356, 35:0, 36:0, 37:1, 38:252.28571428571428, 39:228.38858758435262, 40:1.0, 
C:/Users/windows/Documents/Tcc_Gabi/Ultrasound/DatasetDecomposite/normal/normal (32)_color_threshold_idx_1_chunck_27_region_-1_labels_-1_G.png, 1:1.0, 2:1.0, 3:1.0, 4:1.0, 5:0.0, 6:0.0, 7:199.5, 8:23.005434140654682, 9:199.0, 10:23.0, 11:0.0, 12:0.0, 13:199.0, 14:23.0, 15:199.0, 16:23.0, 17:1.1283791670955126, 18:1.0, 19:1.0, 20:1.0, 21:0.0, 22:1.0, 23:0.0, 24:1.0, 25:0.0, 26:0.0, 27:0.0, 28:0.0, 29:0.0, 30:454, 31:0.0625, 32:0.24206145913796356, 33:0.0625, 34:0.24206145913796356, 35:0, 36:0, 37:1, 38:114.0, 39:100.24683821162925, 40:1.0, 
C:/Users/windows/Documents/Tcc_Gabi/Ultrasound/DatasetDecomposite/normal/normal (33)_color_threshold_idx_2_chunck_9_region_98_labels_3_G.png, 1:3.0, 2:3.0, 3:3.0, 4:3.0, 5:3.265986323710904, 6:0.0, 7:681.0, 8:94.50661352519198, 9:680.5, 10:94.5, 11:0.5, 12:0.5, 13:680.5, 14:94.50176365197284, 15:680.5, 16:94.50176365197284, 17:1.9544100476116797, 18:1.0, 19:1.0, 20:1.0, 21:0.0, 22:1.0, 23:0.0, 24:1.0, 25:0.0, 26:0.16666666666666666, 27:0.2886751345948129, 28:0.3333333333333333, 29:0.3333333333333333, 30:108943, 31:1.25, 32:2.48746859276655, 33:0.3125, 34:0.8454843286542927, 35:0, 36:0, 37:3, 38:389.14285714285717, 39:344.4964974200665, 40:1.0, 
C:/Users/windows/Documents/Tcc_Gabi/Ultrasound/DatasetDecomposite/normal/normal (34)_color_threshold_idx_1_chunck_0_region_37_labels_0_G.png, 1:1.0, 2:1.0, 3:1.0, 4:1.0, 5:0.0, 6:0.0, 7:473.5, 8:78.00160254764, 9:473.0, 10:78.0, 11:0.0, 12:0.0, 13:473.0, 14:78.0, 15:473.0, 16:78.0, 17:1.1283791670955126, 18:1.0, 19:1.0, 20:1.0, 21:0.0, 22:1.0, 23:0.0, 24:1.0, 25:0.0, 26:0.0, 27:0.0, 28:0.0, 29:0.0, 30:11259, 31:0.0625, 32:0.24206145913796356, 33:0.0625, 34:0.24206145913796356, 35:0, 36:0, 37:1, 38:270.57142857142856, 39:241.62654604803265, 40:1.0, 
C:/Users/windows/Documents/Tcc_Gabi/Ultrasound/DatasetDecomposite/normal/normal (35)_color_threshold_idx_1_chunck_3_region_1_labels_0_G.png, 1:1.0, 2:1.0, 3:1.0, 4:1.0, 5:0.0, 6:0.0, 7:419.0, 8:268.50046554894465, 9:418.5, 10:268.5, 11:0.0, 12:0.0, 13:418.5, 14:268.5, 15:418.5, 16:268.5, 17:1.1283791670955126, 18:1.0, 19:1.0, 20:1.0, 21:0.0, 22:1.0, 23:0.0, 24:1.0, 25:0.0, 26:0.0, 27:0.0, 28:0.0, 29:0.0, 30:6435, 31:0.0625, 32:0.24206145913796356, 33:0.0625, 34:0.24206145913796356, 35:0, 36:0, 37:1, 38:239.42857142857142, 39:290.1555529331796, 40:1.0, 
C:/Users/windows/Documents/Tcc_Gabi/Ultrasound/DatasetDecomposite/normal/normal (36)_color_threshold_idx_1_chunck_15_region_207_labels_1_G.png, 1:2.0, 2:2.0, 3:2.0, 4:2.0, 5:2.0, 6:0.0, 7:393.75, 8:237.7513144022552, 9:393.25, 10:237.75, 11:0.25, 12:0.25, 13:393.25, 14:237.75026288103237, 15:393.25, 16:237.75026288103237, 17:1.5957691216057308, 18:1.0, 19:1.0, 20:1.0, 21:0.0, 22:1.0, 23:0.0, 24:1.0, 25:0.0, 26:0.0625, 27:0.10825317547305482, 28:0.125, 29:0.125, 30:17660, 31:0.3125, 32:0.582961190818051, 33:0.15625, 34:0.4911323014219285, 35:0, 36:0, 37:2, 38:225.0, 39:265.0832753252133, 40:1.0, 
C:/Users/windows/Documents/Tcc_Gabi/Ultrasound/DatasetDecomposite/normal/normal (36)_color_threshold_idx_2_chunck_4_region_1_labels_1_G.png, 1:1.0, 2:1.0, 3:1.0, 4:1.0, 5:0.0, 6:0.0, 7:105.0, 8:54.502293529722216, 9:104.5, 10:54.5, 11:0.0, 12:0.0, 13:104.5, 14:54.5, 15:104.5, 16:54.5, 17:1.1283791670955126, 18:1.0, 19:1.0, 20:1.0, 21:0.0, 22:1.0, 23:0.0, 24:1.0, 25:0.0, 26:0.0, 27:0.0, 28:0.0, 29:0.0, 30:15269, 31:0.0625, 32:0.24206145913796356, 33:0.0625, 34:0.24206145913796356, 35:0, 36:0, 37:1, 38:60.0, 39:66.31311010221562, 40:1.0, 
C:/Users/windows/Documents/Tcc_Gabi/Ultrasound/DatasetDecomposite/normal/normal (37)_color_threshold_idx_1_chunck_11_region_-1_labels_-1_G.png, 1:1.0, 2:1.0, 3:1.0, 4:1.0, 5:0.0, 6:0.0, 7:325.5, 8:63.00198409574099, 9:325.0, 10:63.0, 11:0.0, 12:0.0, 13:325.0, 14:63.0, 15:325.0, 16:63.0, 17:1.1283791670955126, 18:1.0, 19:1.0, 20:1.0, 21:0.0, 22:1.0, 23:0.0, 24:1.0, 25:0.0, 26:0.0, 27:0.0, 28:0.0, 29:0.0, 30:2204, 31:0.0625, 32:0.24206145913796356, 33:0.0625, 34:0.24206145913796356, 35:0, 36:0, 37:1, 38:186.0, 39:167.9736373873676, 40:1.0, 
C:/Users/windows/Documents/Tcc_Gabi/Ultrasound/DatasetDecomposite/normal/normal (38)_color_threshold_idx_1_chunck_4_region_61_labels_1_G.png, 1:1.0, 2:1.0, 3:1.0, 4:1.0, 5:0.0, 6:0.0, 7:233.0, 8:116.50107295643247, 9:232.5, 10:116.5, 11:0.0, 12:0.0, 13:232.5, 14:116.5, 15:232.5, 16:116.5, 17:1.1283791670955126, 18:1.0, 19:1.0, 20:1.0, 21:0.0, 22:1.0, 23:0.0, 24:1.0, 25:0.0, 26:0.0, 27:0.0, 28:0.0, 29:0.0, 30:26396, 31:0.0625, 32:0.24206145913796356, 33:0.0625, 34:0.24206145913796356, 35:0, 36:0, 37:1, 38:133.14285714285714, 39:145.08955714260327, 40:1.0, 
C:/Users/windows/Documents/Tcc_Gabi/Ultrasound/DatasetDecomposite/normal/normal (39)_color_threshold_idx_1_chunck_1_region_10_labels_0_G.png, 1:1.0, 2:1.0, 3:1.0, 4:1.0, 5:0.0, 6:0.0, 7:513.0, 8:56.50221234606659, 9:512.5, 10:56.5, 11:0.0, 12:0.0, 13:512.5, 14:56.5, 15:512.5, 16:56.5, 17:1.1283791670955126, 18:1.0, 19:1.0, 20:1.0, 21:0.0, 22:1.0, 23:0.0, 24:1.0, 25:0.0, 26:0.0, 27:0.0, 28:0.0, 29:0.0, 30:49089, 31:0.0625, 32:0.24206145913796356, 33:0.0625, 34:0.24206145913796356, 35:0, 36:0, 37:1, 38:293.14285714285717, 39:257.43705392715685, 40:1.0, 
C:/Users/windows/Documents/Tcc_Gabi/Ultrasound/DatasetDecomposite/normal/normal (4)_color_threshold_idx_1_chunck_10_region_46_labels_1_G.png, 1:1.0, 2:1.0, 3:1.0, 4:1.0, 5:0.0, 6:0.0, 7:231.5, 8:31.00403199585499, 9:231.0, 10:31.0, 11:0.0, 12:0.0, 13:231.0, 14:31.0, 15:231.0, 16:31.0, 17:1.1283791670955126, 18:1.0, 19:1.0, 20:1.0, 21:0.0, 22:1.0, 23:0.0, 24:1.0, 25:0.0, 26:0.0, 27:0.0, 28:0.0, 29:0.0, 30:10632, 31:0.0625, 32:0.24206145913796356, 33:0.0625, 34:0.24206145913796356, 35:0, 36:0, 37:1, 38:132.28571428571428, 39:116.93553081654412, 40:1.0, 
C:/Users/windows/Documents/Tcc_Gabi/Ultrasound/DatasetDecomposite/normal/normal (40)_color_threshold_idx_2_chunck_1_region_1_labels_1_G.png, 1:1.0, 2:1.0, 3:1.0, 4:1.0, 5:0.0, 6:0.0, 7:578.5, 8:19.00657780874821, 9:578.0, 10:19.0, 11:0.0, 12:0.0, 13:578.0, 14:19.0, 15:578.0, 16:19.0, 17:1.1283791670955126, 18:1.0, 19:1.0, 20:1.0, 21:0.0, 22:1.0, 23:0.0, 24:1.0, 25:0.0, 26:0.0, 27:0.0, 28:0.0, 29:0.0, 30:143496, 31:0.0625, 32:0.24206145913796356, 33:0.0625, 34:0.24206145913796356, 35:0, 36:0, 37:1, 38:330.57142857142856, 39:286.64356021415324, 40:1.0, 
C:/Users/windows/Documents/Tcc_Gabi/Ultrasound/DatasetDecomposite/normal/normal (41)_color_threshold_idx_2_chunck_3_region_54_labels_0_G.png, 1:1.0, 2:1.0, 3:1.0, 4:1.0, 5:0.0, 6:0.0, 7:429.0, 8:170.5007331362537, 9:428.5, 10:170.5, 11:0.0, 12:0.0, 13:428.5, 14:170.5, 15:428.5, 16:170.5, 17:1.1283791670955126, 18:1.0, 19:1.0, 20:1.0, 21:0.0, 22:1.0, 23:0.0, 24:1.0, 25:0.0, 26:0.0, 27:0.0, 28:0.0, 29:0.0, 30:26462, 31:0.0625, 32:0.24206145913796356, 33:0.0625, 34:0.24206145913796356, 35:0, 36:0, 37:1, 38:245.14285714285714, 39:248.36058381280378, 40:1.0, 
C:/Users/windows/Documents/Tcc_Gabi/Ultrasound/DatasetDecomposite/normal/normal (42)_color_threshold_idx_1_chunck_6_region_115_labels_1_G.png, 1:1.0, 2:1.0, 3:1.0, 4:1.0, 5:0.0, 6:0.0, 7:246.0, 8:155.50080385644313, 9:245.5, 10:155.5, 11:0.0, 12:0.0, 13:245.5, 14:155.5, 15:245.5, 16:155.5, 17:1.1283791670955126, 18:1.0, 19:1.0, 20:1.0, 21:0.0, 22:1.0, 23:0.0, 24:1.0, 25:0.0, 26:0.0, 27:0.0, 28:0.0, 29:0.0, 30:12499, 31:0.0625, 32:0.24206145913796356, 33:0.0625, 34:0.24206145913796356, 35:0, 36:0, 37:1, 38:140.57142857142858, 39:169.22669254401848, 40:1.0, 
C:/Users/windows/Documents/Tcc_Gabi/Ultrasound/DatasetDecomposite/normal/normal (42)_color_threshold_idx_2_chunck_10_region_114_labels_2_G.png, 1:1.0, 2:1.0, 3:1.0, 4:1.0, 5:0.0, 6:0.0, 7:381.0, 8:229.50054466166307, 9:380.5, 10:229.5, 11:0.0, 12:0.0, 13:380.5, 14:229.5, 15:380.5, 16:229.5, 17:1.1283791670955126, 18:1.0, 19:1.0, 20:1.0, 21:0.0, 22:1.0, 23:0.0, 24:1.0, 25:0.0, 26:0.0, 27:0.0, 28:0.0, 29:0.0, 30:5765, 31:0.0625, 32:0.24206145913796356, 33:0.0625, 34:0.24206145913796356, 35:0, 36:0, 37:1, 38:217.71428571428572, 39:256.21682463197027, 40:1.0, 
C:/Users/windows/Documents/Tcc_Gabi/Ultrasound/DatasetDecomposite/normal/normal (43)_color_threshold_idx_0_chunck_4_region_13_labels_1_G.png, 1:1.0, 2:1.0, 3:1.0, 4:1.0, 5:0.0, 6:0.0, 7:198.0, 8:151.50082508026154, 9:197.5, 10:151.5, 11:0.0, 12:0.0, 13:197.5, 14:151.5, 15:197.5, 16:151.5, 17:1.1283791670955126, 18:1.0, 19:1.0, 20:1.0, 21:0.0, 22:1.0, 23:0.0, 24:1.0, 25:0.0, 26:0.0, 27:0.0, 28:0.0, 29:0.0, 30:2100, 31:0.0625, 32:0.24206145913796356, 33:0.0625, 34:0.24206145913796356, 35:0, 36:0, 37:1, 38:113.14285714285714, 39:150.7205821298174, 40:1.0, 
C:/Users/windows/Documents/Tcc_Gabi/Ultrasound/DatasetDecomposite/normal/normal (44)_color_threshold_idx_1_chunck_3_region_74_labels_0_G.png, 1:1.0, 2:1.0, 3:1.0, 4:1.0, 5:0.0, 6:0.0, 7:427.0, 8:173.50072045959925, 9:426.5, 10:173.5, 11:0.0, 12:0.0, 13:426.5, 14:173.5, 15:426.5, 16:173.5, 17:1.1283791670955126, 18:1.0, 19:1.0, 20:1.0, 21:0.0, 22:1.0, 23:0.0, 24:1.0, 25:0.0, 26:0.0, 27:0.0, 28:0.0, 29:0.0, 30:21481, 31:0.0625, 32:0.24206145913796356, 33:0.0625, 34:0.24206145913796356, 35:0, 36:0, 37:1, 38:244.0, 39:248.70349529395153, 40:1.0, 
C:/Users/windows/Documents/Tcc_Gabi/Ultrasound/DatasetDecomposite/normal/normal (45)_color_threshold_idx_1_chunck_15_region_110_labels_3_G.png, 1:1.0, 2:1.0, 3:1.0, 4:1.0, 5:0.0, 6:0.0, 7:434.5, 8:19.00657780874821, 9:434.0, 10:19.0, 11:0.0, 12:0.0, 13:434.0, 14:19.0, 15:434.0, 16:19.0, 17:1.1283791670955126, 18:1.0, 19:1.0, 20:1.0, 21:0.0, 22:1.0, 23:0.0, 24:1.0, 25:0.0, 26:0.0, 27:0.0, 28:0.0, 29:0.0, 30:8661, 31:0.0625, 32:0.24206145913796356, 33:0.0625, 34:0.24206145913796356, 35:0, 36:0, 37:1, 38:248.28571428571428, 39:215.5012192777667, 40:1.0, 
C:/Users/windows/Documents/Tcc_Gabi/Ultrasound/DatasetDecomposite/normal/normal (45)_color_threshold_idx_1_chunck_2_region_-1_labels_-1_G.png, 1:1.0, 2:1.0, 3:1.0, 4:1.0, 5:0.0, 6:0.0, 7:307.5, 8:110.00113635776678, 9:307.0, 10:110.0, 11:0.0, 12:0.0, 13:307.0, 14:110.0, 15:307.0, 16:110.0, 17:1.1283791670955126, 18:1.0, 19:1.0, 20:1.0, 21:0.0, 22:1.0, 23:0.0, 24:1.0, 25:0.0, 26:0.0, 27:0.0, 28:0.0, 29:0.0, 30:5542, 31:0.0625, 32:0.24206145913796356, 33:0.0625, 34:0.24206145913796356, 35:0, 36:0, 37:1, 38:175.71428571428572, 39:173.4100955091421, 40:1.0, 
C:/Users/windows/Documents/Tcc_Gabi/Ultrasound/DatasetDecomposite/normal/normal (46)_color_threshold_idx_0_chunck_6_region_26_labels_3_G.png, 1:1.0, 2:1.0, 3:1.0, 4:1.0, 5:0.0, 6:0.0, 7:336.5, 8:27.004629232781554, 9:336.0, 10:27.0, 11:0.0, 12:0.0, 13:336.0, 14:27.0, 15:336.0, 16:27.0, 17:1.1283791670955126, 18:1.0, 19:1.0, 20:1.0, 21:0.0, 22:1.0, 23:0.0, 24:1.0, 25:0.0, 26:0.0, 27:0.0, 28:0.0, 29:0.0, 30:21690, 31:0.0625, 32:0.24206145913796356, 33:0.0625, 34:0.24206145913796356, 35:0, 36:0, 37:1, 38:192.28571428571428, 39:167.77085928280212, 40:1.0, 
C:/Users/windows/Documents/Tcc_Gabi/Ultrasound/DatasetDecomposite/normal/normal (46)_color_threshold_idx_1_chunck_5_region_30_labels_1_G.png, 1:1.0, 2:1.0, 3:1.0, 4:1.0, 5:0.0, 6:0.0, 7:149.0, 8:67.50185182644992, 9:148.5, 10:67.5, 11:0.0, 12:0.0, 13:148.5, 14:67.5, 15:148.5, 16:67.5, 17:1.1283791670955126, 18:1.0, 19:1.0, 20:1.0, 21:0.0, 22:1.0, 23:0.0, 24:1.0, 25:0.0, 26:0.0, 27:0.0, 28:0.0, 29:0.0, 30:829, 31:0.0625, 32:0.24206145913796356, 33:0.0625, 34:0.24206145913796356, 35:0, 36:0, 37:1, 38:85.14285714285714, 39:89.66991623477196, 40:1.0, 
C:/Users/windows/Documents/Tcc_Gabi/Ultrasound/DatasetDecomposite/normal/normal (47)_color_threshold_idx_1_chunck_11_region_55_labels_1_G.png, 1:1.0, 2:1.0, 3:1.0, 4:1.0, 5:0.0, 6:0.0, 7:208.5, 8:51.00245092149984, 9:208.0, 10:51.0, 11:0.0, 12:0.0, 13:208.0, 14:51.0, 15:208.0, 16:51.0, 17:1.1283791670955126, 18:1.0, 19:1.0, 20:1.0, 21:0.0, 22:1.0, 23:0.0, 24:1.0, 25:0.0, 26:0.0, 27:0.0, 28:0.0, 29:0.0, 30:1268, 31:0.0625, 32:0.24206145913796356, 33:0.0625, 34:0.24206145913796356, 35:0, 36:0, 37:1, 38:119.14285714285714, 39:110.1485082856369, 40:1.0, 
C:/Users/windows/Documents/Tcc_Gabi/Ultrasound/DatasetDecomposite/normal/normal (48)_color_threshold_idx_2_chunck_7_region_4_labels_3_G.png, 1:1.0, 2:1.0, 3:1.0, 4:1.0, 5:0.0, 6:0.0, 7:350.5, 8:39.003204996512785, 9:350.0, 10:39.0, 11:0.0, 12:0.0, 13:350.0, 14:39.0, 15:350.0, 16:39.0, 17:1.1283791670955126, 18:1.0, 19:1.0, 20:1.0, 21:0.0, 22:1.0, 23:0.0, 24:1.0, 25:0.0, 26:0.0, 27:0.0, 28:0.0, 29:0.0, 30:43899, 31:0.0625, 32:0.24206145913796356, 33:0.0625, 34:0.24206145913796356, 35:0, 36:0, 37:1, 38:200.28571428571428, 39:175.94050478639022, 40:1.0, 
C:/Users/windows/Documents/Tcc_Gabi/Ultrasound/DatasetDecomposite/normal/normal (49)_color_threshold_idx_2_chunck_2_region_-1_labels_-1_G.png, 1:1.0, 2:1.0, 3:1.0, 4:1.0, 5:0.0, 6:0.0, 7:159.5, 8:57.002192940272046, 9:159.0, 10:57.0, 11:0.0, 12:0.0, 13:159.0, 14:57.0, 15:159.0, 16:57.0, 17:1.1283791670955126, 18:1.0, 19:1.0, 20:1.0, 21:0.0, 22:1.0, 23:0.0, 24:1.0, 25:0.0, 26:0.0, 27:0.0, 28:0.0, 29:0.0, 30:1722, 31:0.0625, 32:0.24206145913796356, 33:0.0625, 34:0.24206145913796356, 35:0, 36:0, 37:1, 38:91.14285714285714, 39:89.92763530659934, 40:1.0, 
C:/Users/windows/Documents/Tcc_Gabi/Ultrasound/DatasetDecomposite/normal/normal (5)_color_threshold_idx_1_chunck_1_region_-1_labels_-1_G.png, 1:1.0, 2:1.0, 3:1.0, 4:1.0, 5:0.0, 6:0.0, 7:431.0, 8:87.50142855976695, 9:430.5, 10:87.5, 11:0.0, 12:0.0, 13:430.5, 14:87.5, 15:430.5, 16:87.5, 17:1.1283791670955126, 18:1.0, 19:1.0, 20:1.0, 21:0.0, 22:1.0, 23:0.0, 24:1.0, 25:0.0, 26:0.0, 27:0.0, 28:0.0, 29:0.0, 30:13743, 31:0.0625, 32:0.24206145913796356, 33:0.0625, 34:0.24206145913796356, 35:0, 36:0, 37:1, 38:246.28571428571428, 39:223.31061921247996, 40:1.0, 
C:/Users/windows/Documents/Tcc_Gabi/Ultrasound/DatasetDecomposite/normal/normal (50)_color_threshold_idx_0_chunck_5_region_9_labels_1_G.png, 1:2.0, 2:2.0, 3:2.0, 4:2.0, 5:2.0, 6:0.0, 7:313.25, 8:68.75454530429244, 9:312.75, 10:68.75, 11:0.25, 12:0.25, 13:312.75, 14:68.75090908489865, 15:312.75, 16:68.75090908489865, 17:1.5957691216057308, 18:1.0, 19:1.0, 20:1.0, 21:0.0, 22:1.0, 23:0.0, 24:1.0, 25:0.0, 26:0.0625, 27:0.10825317547305482, 28:0.125, 29:0.125, 30:1754, 31:0.3125, 32:0.582961190818051, 33:0.15625, 34:0.4911323014219285, 35:0, 36:0, 37:2, 38:179.0, 39:163.49923547221866, 40:1.0, 
C:/Users/windows/Documents/Tcc_Gabi/Ultrasound/DatasetDecomposite/normal/normal (50)_color_threshold_idx_0_chunck_9_region_9_labels_3_G.png, 1:1.0, 2:1.0, 3:1.0, 4:1.0, 5:0.0, 6:0.0, 7:342.5, 8:33.0037876614185, 9:342.0, 10:33.0, 11:0.0, 12:0.0, 13:342.0, 14:33.0, 15:342.0, 16:33.0, 17:1.1283791670955126, 18:1.0, 19:1.0, 20:1.0, 21:0.0, 22:1.0, 23:0.0, 24:1.0, 25:0.0, 26:0.0, 27:0.0, 28:0.0, 29:0.0, 30:18244, 31:0.0625, 32:0.24206145913796356, 33:0.0625, 34:0.24206145913796356, 35:0, 36:0, 37:1, 38:195.71428571428572, 39:171.31984647412676, 40:1.0, 
C:/Users/windows/Documents/Tcc_Gabi/Ultrasound/DatasetDecomposite/normal/normal (51)_color_threshold_idx_1_chunck_10_region_65_labels_2_G.png, 1:1.0, 2:1.0, 3:1.0, 4:1.0, 5:0.0, 6:0.0, 7:360.0, 8:27.504545078950134, 9:359.5, 10:27.5, 11:0.0, 12:0.0, 13:359.5, 14:27.5, 15:359.5, 16:27.5, 17:1.1283791670955126, 18:1.0, 19:1.0, 20:1.0, 21:0.0, 22:1.0, 23:0.0, 24:1.0, 25:0.0, 26:0.0, 27:0.0, 28:0.0, 29:0.0, 30:46093, 31:0.0625, 32:0.24206145913796356, 33:0.0625, 34:0.24206145913796356, 35:0, 36:0, 37:1, 38:205.71428571428572, 39:179.36293157865646, 40:1.0, 
C:/Users/windows/Documents/Tcc_Gabi/Ultrasound/DatasetDecomposite/normal/normal (52)_color_threshold_idx_0_chunck_0_region_42_labels_0_G.png, 1:1.0, 2:1.0, 3:1.0, 4:1.0, 5:0.0, 6:0.0, 7:519.0, 8:32.50384592629001, 9:518.5, 10:32.5, 11:0.0, 12:0.0, 13:518.5, 14:32.5, 15:518.5, 16:32.5, 17:1.1283791670955126, 18:1.0, 19:1.0, 20:1.0, 21:0.0, 22:1.0, 23:0.0, 24:1.0, 25:0.0, 26:0.0, 27:0.0, 28:0.0, 29:0.0, 30:63240, 31:0.0625, 32:0.24206145913796356, 33:0.0625, 34:0.24206145913796356, 35:0, 36:0, 37:1, 38:296.57142857142856, 39:258.0109948614356, 40:1.0, 
C:/Users/windows/Documents/Tcc_Gabi/Ultrasound/DatasetDecomposite/normal/normal (53)_color_threshold_idx_0_chunck_0_region_13_labels_0_G.png, 1:3.0, 2:3.0, 3:3.0, 4:3.0, 5:3.265986323710904, 6:0.0, 7:666.5, 8:51.01225342993583, 9:666.0, 10:51.0, 11:0.5, 12:0.5, 13:666.0, 14:51.00326786916044, 15:666.0, 16:51.00326786916044, 17:1.9544100476116797, 18:1.0, 19:1.0, 20:1.0, 21:0.0, 22:1.0, 23:0.0, 24:1.0, 25:0.0, 26:0.16666666666666666, 27:0.2886751345948129, 28:0.3333333333333333, 29:0.3333333333333333, 30:106001, 31:1.25, 32:2.48746859276655, 33:0.3125, 34:0.8454843286542927, 35:0, 36:0, 37:3, 38:380.85714285714283, 39:332.07848838637466, 40:1.0, 
C:/Users/windows/Documents/Tcc_Gabi/Ultrasound/DatasetDecomposite/normal/normal (54)_color_threshold_idx_2_chunck_2_region_-1_labels_-1_G.png, 1:1.0, 2:1.0, 3:1.0, 4:1.0, 5:0.0, 6:0.0, 7:131.5, 8:22.005681084665387, 9:131.0, 10:22.0, 11:0.0, 12:0.0, 13:131.0, 14:22.0, 15:131.0, 16:22.0, 17:1.1283791670955126, 18:1.0, 19:1.0, 20:1.0, 21:0.0, 22:1.0, 23:0.0, 24:1.0, 25:0.0, 26:0.0, 27:0.0, 28:0.0, 29:0.0, 30:1050, 31:0.0625, 32:0.24206145913796356, 33:0.0625, 34:0.24206145913796356, 35:0, 36:0, 37:1, 38:75.14285714285714, 39:67.1680803686406, 40:1.0, 
C:/Users/windows/Documents/Tcc_Gabi/Ultrasound/DatasetDecomposite/normal/normal (55)_color_threshold_idx_1_chunck_-1_region_4_labels_0_G.png, 1:1.0, 2:1.0, 3:1.0, 4:1.0, 5:0.0, 6:0.0, 7:173.5, 8:62.00201609625287, 9:173.0, 10:62.0, 11:0.0, 12:0.0, 13:173.0, 14:62.0, 15:173.0, 16:62.0, 17:1.1283791670955126, 18:1.0, 19:1.0, 20:1.0, 21:0.0, 22:1.0, 23:0.0, 24:1.0, 25:0.0, 26:0.0, 27:0.0, 28:0.0, 29:0.0, 30:15197, 31:0.0625, 32:0.24206145913796356, 33:0.0625, 34:0.24206145913796356, 35:0, 36:0, 37:1, 38:99.14285714285714, 39:97.81970086619066, 40:1.0, 
C:/Users/windows/Documents/Tcc_Gabi/Ultrasound/DatasetDecomposite/normal/normal (56)_color_threshold_idx_1_chunck_16_region_-1_labels_-1_G.png, 1:1.0, 2:1.0, 3:1.0, 4:1.0, 5:0.0, 6:0.0, 7:116.5, 8:5.024937810560445, 9:116.0, 10:5.0, 11:0.0, 12:0.0, 13:116.0, 14:5.0, 15:116.0, 16:5.0, 17:1.1283791670955126, 18:1.0, 19:1.0, 20:1.0, 21:0.0, 22:1.0, 23:0.0, 24:1.0, 25:0.0, 26:0.0, 27:0.0, 28:0.0, 29:0.0, 30:1178, 31:0.0625, 32:0.24206145913796356, 33:0.0625, 34:0.24206145913796356, 35:0, 36:0, 37:1, 38:66.57142857142857, 39:57.77754665922727, 40:1.0, 
C:/Users/windows/Documents/Tcc_Gabi/Ultrasound/DatasetDecomposite/normal/normal (57)_color_threshold_idx_1_chunck_2_region_4_labels_1_G.png, 1:1.0, 2:1.0, 3:1.0, 4:1.0, 5:0.0, 6:0.0, 7:162.5, 8:49.002550954006466, 9:162.0, 10:49.0, 11:0.0, 12:0.0, 13:162.0, 14:49.0, 15:162.0, 16:49.0, 17:1.1283791670955126, 18:1.0, 19:1.0, 20:1.0, 21:0.0, 22:1.0, 23:0.0, 24:1.0, 25:0.0, 26:0.0, 27:0.0, 28:0.0, 29:0.0, 30:1993, 31:0.0625, 32:0.24206145913796356, 33:0.0625, 34:0.24206145913796356, 35:0, 36:0, 37:1, 38:92.85714285714286, 39:88.53801212946186, 40:1.0, 
C:/Users/windows/Documents/Tcc_Gabi/Ultrasound/DatasetDecomposite/normal/normal (57)_color_threshold_idx_2_chunck_0_region_4_labels_0_G.png, 1:1.0, 2:1.0, 3:1.0, 4:1.0, 5:0.0, 6:0.0, 7:518.5, 8:29.004310024546353, 9:518.0, 10:29.0, 11:0.0, 12:0.0, 13:518.0, 14:29.0, 15:518.0, 16:29.0, 17:1.1283791670955126, 18:1.0, 19:1.0, 20:1.0, 21:0.0, 22:1.0, 23:0.0, 24:1.0, 25:0.0, 26:0.0, 27:0.0, 28:0.0, 29:0.0, 30:123681, 31:0.0625, 32:0.24206145913796356, 33:0.0625, 34:0.24206145913796356, 35:0, 36:0, 37:1, 38:296.2857142857143, 39:257.52598442305043, 40:1.0, 
C:/Users/windows/Documents/Tcc_Gabi/Ultrasound/DatasetDecomposite/normal/normal (58)_color_threshold_idx_1_chunck_7_region_28_labels_1_G.png, 1:1.0, 2:1.0, 3:1.0, 4:1.0, 5:0.0, 6:0.0, 7:235.5, 8:104.00120191613172, 9:235.0, 10:104.0, 11:0.0, 12:0.0, 13:235.0, 14:104.0, 15:235.0, 16:104.0, 17:1.1283791670955126, 18:1.0, 19:1.0, 20:1.0, 21:0.0, 22:1.0, 23:0.0, 24:1.0, 25:0.0, 26:0.0, 27:0.0, 28:0.0, 29:0.0, 30:16708, 31:0.0625, 32:0.24206145913796356, 33:0.0625, 34:0.24206145913796356, 35:0, 36:0, 37:1, 38:134.57142857142858, 39:140.58028427390028, 40:1.0, 
C:/Users/windows/Documents/Tcc_Gabi/Ultrasound/DatasetDecomposite/normal/normal (59)_color_threshold_idx_1_chunck_7_region_34_labels_1_G.png, 1:4.0, 2:4.0, 3:4.0, 4:4.0, 5:4.47213595499958, 6:0.0, 7:415.25, 8:65.26628149358595, 9:414.75, 10:65.25, 11:0.75, 12:0.75, 13:414.75, 14:65.25478909628013, 15:414.75, 16:65.25478909628013, 17:2.256758334191025, 18:1.0, 19:1.0, 20:1.0, 21:0.0, 22:1.0, 23:0.0, 24:1.0, 25:0.0, 26:0.3125, 27:0.5412658773652742, 28:0.625, 29:0.625, 30:5690, 31:3.75, 32:9.079509898667439, 33:0.5625, 34:1.4986973510352248, 35:0, 36:0, 37:4, 38:237.28571428571428, 39:211.3350179121254, 40:1.0, 
C:/Users/windows/Documents/Tcc_Gabi/Ultrasound/DatasetDecomposite/normal/normal (59)_color_threshold_idx_1_chunck_8_region_34_labels_2_G.png, 1:1.0, 2:1.0, 3:1.0, 4:1.0, 5:0.0, 6:0.0, 7:199.0, 8:28.50438562747845, 9:198.5, 10:28.5, 11:0.0, 12:0.0, 13:198.5, 14:28.5, 15:198.5, 16:28.5, 17:1.1283791670955126, 18:1.0, 19:1.0, 20:1.0, 21:0.0, 22:1.0, 23:0.0, 24:1.0, 25:0.0, 26:0.0, 27:0.0, 28:0.0, 29:0.0, 30:16969, 31:0.0625, 32:0.24206145913796356, 33:0.0625, 34:0.24206145913796356, 35:0, 36:0, 37:1, 38:113.71428571428571, 39:100.80917515741496, 40:1.0, 
C:/Users/windows/Documents/Tcc_Gabi/Ultrasound/DatasetDecomposite/normal/normal (6)_color_threshold_idx_0_chunck_3_region_-1_labels_-1_G.png, 1:1.0, 2:1.0, 3:1.0, 4:1.0, 5:0.0, 6:0.0, 7:559.0, 8:14.508618128546908, 9:558.5, 10:14.5, 11:0.0, 12:0.0, 13:558.5, 14:14.5, 15:558.5, 16:14.5, 17:1.1283791670955126, 18:1.0, 19:1.0, 20:1.0, 21:0.0, 22:1.0, 23:0.0, 24:1.0, 25:0.0, 26:0.0, 27:0.0, 28:0.0, 29:0.0, 30:9551, 31:0.0625, 32:0.24206145913796356, 33:0.0625, 34:0.24206145913796356, 35:0, 36:0, 37:1, 38:319.42857142857144, 39:276.85058226046624, 40:1.0, 
C:/Users/windows/Documents/Tcc_Gabi/Ultrasound/DatasetDecomposite/normal/normal (60)_color_threshold_idx_2_chunck_7_region_33_labels_1_G.png, 1:1.0, 2:1.0, 3:1.0, 4:1.0, 5:0.0, 6:0.0, 7:144.0, 8:101.50123151962246, 9:143.5, 10:101.5, 11:0.0, 12:0.0, 13:143.5, 14:101.5, 15:143.5, 16:101.5, 17:1.1283791670955126, 18:1.0, 19:1.0, 20:1.0, 21:0.0, 22:1.0, 23:0.0, 24:1.0, 25:0.0, 26:0.0, 27:0.0, 28:0.0, 29:0.0, 30:8263, 31:0.0625, 32:0.24206145913796356, 33:0.0625, 34:0.24206145913796356, 35:0, 36:0, 37:1, 38:82.28571428571429, 39:104.7155525162118, 40:1.0, 
C:/Users/windows/Documents/Tcc_Gabi/Ultrasound/DatasetDecomposite/normal/normal (61)_color_threshold_idx_1_chunck_1_region_-1_labels_-1_G.png, 1:1.0, 2:1.0, 3:1.0, 4:1.0, 5:0.0, 6:0.0, 7:327.0, 8:217.50057471188438, 9:326.5, 10:217.5, 11:0.0, 12:0.0, 13:326.5, 14:217.5, 15:326.5, 16:217.5, 17:1.1283791670955126, 18:1.0, 19:1.0, 20:1.0, 21:0.0, 22:1.0, 23:0.0, 24:1.0, 25:0.0, 26:0.0, 27:0.0, 28:0.0, 29:0.0, 30:1407, 31:0.0625, 32:0.24206145913796356, 33:0.0625, 34:0.24206145913796356, 35:0, 36:0, 37:1, 38:186.85714285714286, 39:230.69239170773864, 40:1.0, 
C:/Users/windows/Documents/Tcc_Gabi/Ultrasound/DatasetDecomposite/normal/normal (62)_color_threshold_idx_2_chunck_1_region_-1_labels_-1_G.png, 1:1.0, 2:1.0, 3:1.0, 4:1.0, 5:0.0, 6:0.0, 7:339.5, 8:248.00050403174586, 9:339.0, 10:248.0, 11:0.0, 12:0.0, 13:339.0, 14:248.0, 15:339.0, 16:248.0, 17:1.1283791670955126, 18:1.0, 19:1.0, 20:1.0, 21:0.0, 22:1.0, 23:0.0, 24:1.0, 25:0.0, 26:0.0, 27:0.0, 28:0.0, 29:0.0, 30:964, 31:0.0625, 32:0.24206145913796356, 33:0.0625, 34:0.24206145913796356, 35:0, 36:0, 37:1, 38:194.0, 39:251.7385264799286, 40:1.0, 
C:/Users/windows/Documents/Tcc_Gabi/Ultrasound/DatasetDecomposite/normal/normal (63)_color_threshold_idx_1_chunck_1_region_-1_labels_-1_G.png, 1:1.0, 2:1.0, 3:1.0, 4:1.0, 5:0.0, 6:0.0, 7:295.5, 8:178.00070224580577, 9:295.0, 10:178.0, 11:0.0, 12:0.0, 13:295.0, 14:178.0, 15:295.0, 16:178.0, 17:1.1283791670955126, 18:1.0, 19:1.0, 20:1.0, 21:0.0, 22:1.0, 23:0.0, 24:1.0, 25:0.0, 26:0.0, 27:0.0, 28:0.0, 29:0.0, 30:465, 31:0.0625, 32:0.24206145913796356, 33:0.0625, 34:0.24206145913796356, 35:0, 36:0, 37:1, 38:168.85714285714286, 39:198.72049902990346, 40:1.0, 
C:/Users/windows/Documents/Tcc_Gabi/Ultrasound/DatasetDecomposite/normal/normal (64)_color_threshold_idx_1_chunck_12_region_-1_labels_-1_G.png, 1:1.0, 2:1.0, 3:1.0, 4:1.0, 5:0.0, 6:0.0, 7:106.5, 8:91.00137361600648, 9:106.0, 10:91.0, 11:0.0, 12:0.0, 13:106.0, 14:91.0, 15:106.0, 16:91.0, 17:1.1283791670955126, 18:1.0, 19:1.0, 20:1.0, 21:0.0, 22:1.0, 23:0.0, 24:1.0, 25:0.0, 26:0.0, 27:0.0, 28:0.0, 29:0.0, 30:475, 31:0.0625, 32:0.24206145913796356, 33:0.0625, 34:0.24206145913796356, 35:0, 36:0, 37:1, 38:60.857142857142854, 39:86.65931418314986, 40:1.0, 
C:/Users/windows/Documents/Tcc_Gabi/Ultrasound/DatasetDecomposite/normal/normal (64)_color_threshold_idx_2_chunck_-1_region_-1_labels_-1_G.png, 1:1.0, 2:1.0, 3:1.0, 4:1.0, 5:0.0, 6:0.0, 7:142.5, 8:89.00140448330015, 9:142.0, 10:89.0, 11:0.0, 12:0.0, 13:142.0, 14:89.0, 15:142.0, 16:89.0, 17:1.1283791670955126, 18:1.0, 19:1.0, 20:1.0, 21:0.0, 22:1.0, 23:0.0, 24:1.0, 25:0.0, 26:0.0, 27:0.0, 28:0.0, 29:0.0, 30:487, 31:0.0625, 32:0.24206145913796356, 33:0.0625, 34:0.24206145913796356, 35:0, 36:0, 37:1, 38:81.42857142857143, 39:97.46480264742775, 40:1.0, 
C:/Users/windows/Documents/Tcc_Gabi/Ultrasound/DatasetDecomposite/normal/normal (65)_color_threshold_idx_1_chunck_16_region_-1_labels_-1_G.png, 1:1.0, 2:1.0, 3:1.0, 4:1.0, 5:0.0, 6:0.0, 7:476.0, 8:60.502066080424065, 9:475.5, 10:60.5, 11:0.0, 12:0.0, 13:475.5, 14:60.5, 15:475.5, 16:60.5, 17:1.1283791670955126, 18:1.0, 19:1.0, 20:1.0, 21:0.0, 22:1.0, 23:0.0, 24:1.0, 25:0.0, 26:0.0, 27:0.0, 28:0.0, 29:0.0, 30:3227, 31:0.0625, 32:0.24206145913796356, 33:0.0625, 34:0.24206145913796356, 35:0, 36:0, 37:1, 38:272.0, 39:239.95773437360648, 40:1.0, 
C:/Users/windows/Documents/Tcc_Gabi/Ultrasound/DatasetDecomposite/normal/normal (66)_color_threshold_idx_1_chunck_6_region_89_labels_1_G.png, 1:1.0, 2:1.0, 3:1.0, 4:1.0, 5:0.0, 6:0.0, 7:390.5, 8:54.00231476520243, 9:390.0, 10:54.0, 11:0.0, 12:0.0, 13:390.0, 14:54.0, 15:390.0, 16:54.0, 17:1.1283791670955126, 18:1.0, 19:1.0, 20:1.0, 21:0.0, 22:1.0, 23:0.0, 24:1.0, 25:0.0, 26:0.0, 27:0.0, 28:0.0, 29:0.0, 30:12955, 31:0.0625, 32:0.24206145913796356, 33:0.0625, 34:0.24206145913796356, 35:0, 36:0, 37:1, 38:223.14285714285714, 39:197.51197328728387, 40:1.0, 
C:/Users/windows/Documents/Tcc_Gabi/Ultrasound/DatasetDecomposite/normal/normal (66)_color_threshold_idx_2_chunck_5_region_82_labels_1_G.png, 1:1.0, 2:1.0, 3:1.0, 4:1.0, 5:0.0, 6:0.0, 7:390.5, 8:54.00231476520243, 9:390.0, 10:54.0, 11:0.0, 12:0.0, 13:390.0, 14:54.0, 15:390.0, 16:54.0, 17:1.1283791670955126, 18:1.0, 19:1.0, 20:1.0, 21:0.0, 22:1.0, 23:0.0, 24:1.0, 25:0.0, 26:0.0, 27:0.0, 28:0.0, 29:0.0, 30:12847, 31:0.0625, 32:0.24206145913796356, 33:0.0625, 34:0.24206145913796356, 35:0, 36:0, 37:1, 38:223.14285714285714, 39:197.51197328728387, 40:1.0, 
C:/Users/windows/Documents/Tcc_Gabi/Ultrasound/DatasetDecomposite/normal/normal (67)_color_threshold_idx_1_chunck_-1_region_4_labels_0_G.png, 1:1.0, 2:1.0, 3:1.0, 4:1.0, 5:0.0, 6:0.0, 7:344.0, 8:95.50130889155395, 9:343.5, 10:95.5, 11:0.0, 12:0.0, 13:343.5, 14:95.5, 15:343.5, 16:95.5, 17:1.1283791670955126, 18:1.0, 19:1.0, 20:1.0, 21:0.0, 22:1.0, 23:0.0, 24:1.0, 25:0.0, 26:0.0, 27:0.0, 28:0.0, 29:0.0, 30:52250, 31:0.0625, 32:0.24206145913796356, 33:0.0625, 34:0.24206145913796356, 35:0, 36:0, 37:1, 38:196.57142857142858, 39:184.91067893356907, 40:1.0, 
C:/Users/windows/Documents/Tcc_Gabi/Ultrasound/DatasetDecomposite/normal/normal (68)_color_threshold_idx_1_chunck_9_region_4_labels_3_G.png, 1:1.0, 2:1.0, 3:1.0, 4:1.0, 5:0.0, 6:0.0, 7:173.0, 8:63.50196847342608, 9:172.5, 10:63.5, 11:0.0, 12:0.0, 13:172.5, 14:63.5, 15:172.5, 16:63.5, 17:1.1283791670955126, 18:1.0, 19:1.0, 20:1.0, 21:0.0, 22:1.0, 23:0.0, 24:1.0, 25:0.0, 26:0.0, 27:0.0, 28:0.0, 29:0.0, 30:21008, 31:0.0625, 32:0.24206145913796356, 33:0.0625, 34:0.24206145913796356, 35:0, 36:0, 37:1, 38:98.85714285714286, 39:98.1521101897146, 40:1.0, 
C:/Users/windows/Documents/Tcc_Gabi/Ultrasound/DatasetDecomposite/normal/normal (69)_color_threshold_idx_1_chunck_5_region_30_labels_1_G.png, 1:2.0, 2:2.0, 3:2.0, 4:2.0, 5:2.0, 6:0.0, 7:208.75, 8:100.7531016892284, 9:208.25, 10:100.75, 11:0.25, 12:0.25, 13:208.25, 14:100.75062034548472, 15:208.25, 16:100.75062034548472, 17:1.5957691216057308, 18:1.0, 19:1.0, 20:1.0, 21:0.0, 22:1.0, 23:0.0, 24:1.0, 25:0.0, 26:0.0625, 27:0.10825317547305482, 28:0.125, 29:0.125, 30:13353, 31:0.3125, 32:0.582961190818051, 33:0.15625, 34:0.4911323014219285, 35:0, 36:0, 37:2, 38:119.28571428571429, 39:128.34519779063947, 40:1.0, 
C:/Users/windows/Documents/Tcc_Gabi/Ultrasound/DatasetDecomposite/normal/normal (7)_color_threshold_idx_0_chunck_6_region_-1_labels_-1_G.png, 1:2.0, 2:2.0, 3:2.0, 4:2.0, 5:2.0, 6:0.0, 7:336.25, 8:126.25247522326048, 9:335.75, 10:126.25, 11:0.25, 12:0.25, 13:335.75, 14:126.25049504853436, 15:335.75, 16:126.25049504853436, 17:1.5957691216057308, 18:1.0, 19:1.0, 20:1.0, 21:0.0, 22:1.0, 23:0.0, 24:1.0, 25:0.0, 26:0.0625, 27:0.10825317547305482, 28:0.125, 29:0.125, 30:1241, 31:0.3125, 32:0.582961190818051, 33:0.15625, 34:0.4911323014219285, 35:0, 36:0, 37:2, 38:192.14285714285714, 39:191.8268777320013, 40:1.0, 
C:/Users/windows/Documents/Tcc_Gabi/Ultrasound/DatasetDecomposite/normal/normal (7)_color_threshold_idx_2_chunck_7_region_160_labels_0_G.png, 1:2.0, 2:2.0, 3:2.0, 4:2.0, 5:2.0, 6:0.0, 7:676.75, 8:92.25338747168041, 9:676.25, 10:92.25, 11:0.25, 12:0.25, 13:676.25, 14:92.2506775042872, 15:676.25, 16:92.2506775042872, 17:1.5957691216057308, 18:1.0, 19:1.0, 20:1.0, 21:0.0, 22:1.0, 23:0.0, 24:1.0, 25:0.0, 26:0.0625, 27:0.10825317547305482, 28:0.125, 29:0.125, 30:5986, 31:0.3125, 32:0.582961190818051, 33:0.15625, 34:0.4911323014219285, 35:0, 36:0, 37:2, 38:386.7142857142857, 39:342.08800633993684, 40:1.0, 
C:/Users/windows/Documents/Tcc_Gabi/Ultrasound/DatasetDecomposite/normal/normal (70)_color_threshold_idx_2_chunck_2_region_14_labels_1_G.png, 1:1.0, 2:1.0, 3:1.0, 4:1.0, 5:0.0, 6:0.0, 7:280.0, 8:163.50076452420643, 9:279.5, 10:163.5, 11:0.0, 12:0.0, 13:279.5, 14:163.5, 15:279.5, 16:163.5, 17:1.1283791670955126, 18:1.0, 19:1.0, 20:1.0, 21:0.0, 22:1.0, 23:0.0, 24:1.0, 25:0.0, 26:0.0, 27:0.0, 28:0.0, 29:0.0, 30:10771, 31:0.0625, 32:0.24206145913796356, 33:0.0625, 34:0.24206145913796356, 35:0, 36:0, 37:1, 38:160.0, 39:185.6763697558585, 40:1.0, 
C:/Users/windows/Documents/Tcc_Gabi/Ultrasound/DatasetDecomposite/normal/normal (71)_color_threshold_idx_2_chunck_15_region_-1_labels_-1_G.png, 1:1.0, 2:1.0, 3:1.0, 4:1.0, 5:0.0, 6:0.0, 7:343.5, 8:194.0006443288269, 9:343.0, 10:194.0, 11:0.0, 12:0.0, 13:343.0, 14:194.0, 15:343.0, 16:194.0, 17:1.1283791670955126, 18:1.0, 19:1.0, 20:1.0, 21:0.0, 22:1.0, 23:0.0, 24:1.0, 25:0.0, 26:0.0, 27:0.0, 28:0.0, 29:0.0, 30:546, 31:0.0625, 32:0.24206145913796356, 33:0.0625, 34:0.24206145913796356, 35:0, 36:0, 37:1, 38:196.28571428571428, 39:224.50498835419754, 40:1.0, 
C:/Users/windows/Documents/Tcc_Gabi/Ultrasound/DatasetDecomposite/normal/normal (72)_color_threshold_idx_1_chunck_12_region_1_labels_1_G.png, 1:1.0, 2:1.0, 3:1.0, 4:1.0, 5:0.0, 6:0.0, 7:442.0, 8:249.500501001501, 9:441.5, 10:249.5, 11:0.0, 12:0.0, 13:441.5, 14:249.5, 15:441.5, 16:249.5, 17:1.1283791670955126, 18:1.0, 19:1.0, 20:1.0, 21:0.0, 22:1.0, 23:0.0, 24:1.0, 25:0.0, 26:0.0, 27:0.0, 28:0.0, 29:0.0, 30:10247, 31:0.0625, 32:0.24206145913796356, 33:0.0625, 34:0.24206145913796356, 35:0, 36:0, 37:1, 38:252.57142857142858, 39:288.8182113089018, 40:1.0, 
C:/Users/windows/Documents/Tcc_Gabi/Ultrasound/DatasetDecomposite/normal/normal (72)_color_threshold_idx_2_chunck_5_region_1_labels_1_G.png, 1:1.0, 2:1.0, 3:1.0, 4:1.0, 5:0.0, 6:0.0, 7:226.0, 8:141.50088338946864, 9:225.5, 10:141.5, 11:0.0, 12:0.0, 13:225.5, 14:141.5, 15:225.5, 16:141.5, 17:1.1283791670955126, 18:1.0, 19:1.0, 20:1.0, 21:0.0, 22:1.0, 23:0.0, 24:1.0, 25:0.0, 26:0.0, 27:0.0, 28:0.0, 29:0.0, 30:7446, 31:0.0625, 32:0.24206145913796356, 33:0.0625, 34:0.24206145913796356, 35:0, 36:0, 37:1, 38:129.14285714285714, 39:154.75734791826164, 40:1.0, 
C:/Users/windows/Documents/Tcc_Gabi/Ultrasound/DatasetDecomposite/normal/normal (73)_color_threshold_idx_1_chunck_8_region_-1_labels_-1_G.png, 1:1.0, 2:1.0, 3:1.0, 4:1.0, 5:0.0, 6:0.0, 7:284.5, 8:62.00201609625287, 9:284.0, 10:62.0, 11:0.0, 12:0.0, 13:284.0, 14:62.0, 15:284.0, 16:62.0, 17:1.1283791670955126, 18:1.0, 19:1.0, 20:1.0, 21:0.0, 22:1.0, 23:0.0, 24:1.0, 25:0.0, 26:0.0, 27:0.0, 28:0.0, 29:0.0, 30:4208, 31:0.0625, 32:0.24206145913796356, 33:0.0625, 34:0.24206145913796356, 35:0, 36:0, 37:1, 38:162.57142857142858, 39:148.38738600882022, 40:1.0, 
C:/Users/windows/Documents/Tcc_Gabi/Ultrasound/DatasetDecomposite/normal/normal (74)_color_threshold_idx_1_chunck_3_region_-1_labels_-1_G.png, 1:1.0, 2:1.0, 3:1.0, 4:1.0, 5:0.0, 6:0.0, 7:283.0, 8:50.502475186865844, 9:282.5, 10:50.5, 11:0.0, 12:0.0, 13:282.5, 14:50.5, 15:282.5, 16:50.5, 17:1.1283791670955126, 18:1.0, 19:1.0, 20:1.0, 21:0.0, 22:1.0, 23:0.0, 24:1.0, 25:0.0, 26:0.0, 27:0.0, 28:0.0, 29:0.0, 30:2598, 31:0.0625, 32:0.24206145913796356, 33:0.0625, 34:0.24206145913796356, 35:0, 36:0, 37:1, 38:161.71428571428572, 39:145.158744912216, 40:1.0, 
C:/Users/windows/Documents/Tcc_Gabi/Ultrasound/DatasetDecomposite/normal/normal (74)_color_threshold_idx_1_chunck_6_region_389_labels_0_G.png, 1:1.0, 2:1.0, 3:1.0, 4:1.0, 5:0.0, 6:0.0, 7:512.0, 8:45.50274716981382, 9:511.5, 10:45.5, 11:0.0, 12:0.0, 13:511.5, 14:45.5, 15:511.5, 16:45.5, 17:1.1283791670955126, 18:1.0, 19:1.0, 20:1.0, 21:0.0, 22:1.0, 23:0.0, 24:1.0, 25:0.0, 26:0.0, 27:0.0, 28:0.0, 29:0.0, 30:9264, 31:0.0625, 32:0.24206145913796356, 33:0.0625, 34:0.24206145913796356, 35:0, 36:0, 37:1, 38:292.57142857142856, 39:255.69840333758, 40:1.0, 
C:/Users/windows/Documents/Tcc_Gabi/Ultrasound/DatasetDecomposite/normal/normal (75)_color_threshold_idx_0_chunck_7_region_173_labels_1_G.png, 1:1.0, 2:1.0, 3:1.0, 4:1.0, 5:0.0, 6:0.0, 7:252.0, 8:173.50072045959925, 9:251.5, 10:173.5, 11:0.0, 12:0.0, 13:251.5, 14:173.5, 15:251.5, 16:173.5, 17:1.1283791670955126, 18:1.0, 19:1.0, 20:1.0, 21:0.0, 22:1.0, 23:0.0, 24:1.0, 25:0.0, 26:0.0, 27:0.0, 28:0.0, 29:0.0, 30:1508, 31:0.0625, 32:0.24206145913796356, 33:0.0625, 34:0.24206145913796356, 35:0, 36:0, 37:1, 38:144.0, 39:180.97908324286698, 40:1.0, 
C:/Users/windows/Documents/Tcc_Gabi/Ultrasound/DatasetDecomposite/normal/normal (75)_color_threshold_idx_1_chunck_9_region_7_labels_1_G.png, 1:1.0, 2:1.0, 3:1.0, 4:1.0, 5:0.0, 6:0.0, 7:172.0, 8:97.50128204285316, 9:171.5, 10:97.5, 11:0.0, 12:0.0, 13:171.5, 14:97.5, 15:171.5, 16:97.5, 17:1.1283791670955126, 18:1.0, 19:1.0, 20:1.0, 21:0.0, 22:1.0, 23:0.0, 24:1.0, 25:0.0, 26:0.0, 27:0.0, 28:0.0, 29:0.0, 30:1816, 31:0.0625, 32:0.24206145913796356, 33:0.0625, 34:0.24206145913796356, 35:0, 36:0, 37:1, 38:98.28571428571429, 39:112.5937251305574, 40:1.0, 
C:/Users/windows/Documents/Tcc_Gabi/Ultrasound/DatasetDecomposite/normal/normal (76)_color_threshold_idx_2_chunck_6_region_-1_labels_-1_G.png, 1:2.0, 2:2.0, 3:2.0, 4:2.0, 5:2.0, 6:0.0, 7:360.75, 8:85.25366561034194, 9:360.25, 10:85.25, 11:0.25, 12:0.25, 13:360.25, 14:85.2507331346775, 15:360.25, 16:85.2507331346775, 17:1.5957691216057308, 18:1.0, 19:1.0, 20:1.0, 21:0.0, 22:1.0, 23:0.0, 24:1.0, 25:0.0, 26:0.0625, 27:0.10825317547305482, 28:0.125, 29:0.125, 30:1151, 31:0.3125, 32:0.582961190818051, 33:0.15625, 34:0.4911323014219285, 35:0, 36:0, 37:2, 38:206.14285714285714, 39:189.80096986913767, 40:1.0, 
C:/Users/windows/Documents/Tcc_Gabi/Ultrasound/DatasetDecomposite/normal/normal (77)_color_threshold_idx_1_chunck_5_region_181_labels_1_G.png, 1:1.0, 2:1.0, 3:1.0, 4:1.0, 5:0.0, 6:0.0, 7:376.0, 8:62.50199996800102, 9:375.5, 10:62.5, 11:0.0, 12:0.0, 13:375.5, 14:62.5, 15:375.5, 16:62.5, 17:1.1283791670955126, 18:1.0, 19:1.0, 20:1.0, 21:0.0, 22:1.0, 23:0.0, 24:1.0, 25:0.0, 26:0.0, 27:0.0, 28:0.0, 29:0.0, 30:5029, 31:0.0625, 32:0.24206145913796356, 33:0.0625, 34:0.24206145913796356, 35:0, 36:0, 37:1, 38:214.85714285714286, 39:191.97650791655923, 40:1.0, 
C:/Users/windows/Documents/Tcc_Gabi/Ultrasound/DatasetDecomposite/normal/normal (78)_color_threshold_idx_2_chunck_10_region_1_labels_2_G.png, 1:1.0, 2:1.0, 3:1.0, 4:1.0, 5:0.0, 6:0.0, 7:404.5, 8:271.00046125422, 9:404.0, 10:271.0, 11:0.0, 12:0.0, 13:404.0, 14:271.0, 15:404.0, 16:271.0, 17:1.1283791670955126, 18:1.0, 19:1.0, 20:1.0, 21:0.0, 22:1.0, 23:0.0, 24:1.0, 25:0.0, 26:0.0, 27:0.0, 28:0.0, 29:0.0, 30:28154, 31:0.0625, 32:0.24206145913796356, 33:0.0625, 34:0.24206145913796356, 35:0, 36:0, 37:1, 38:231.14285714285714, 39:286.4204843888632, 40:1.0, 
C:/Users/windows/Documents/Tcc_Gabi/Ultrasound/DatasetDecomposite/normal/normal (79)_color_threshold_idx_1_chunck_2_region_1_labels_0_G.png, 1:1.0, 2:1.0, 3:1.0, 4:1.0, 5:0.0, 6:0.0, 7:449.0, 8:3.5355339059327378, 9:448.5, 10:3.5, 11:0.0, 12:0.0, 13:448.5, 14:3.5, 15:448.5, 16:3.5, 17:1.1283791670955126, 18:1.0, 19:1.0, 20:1.0, 21:0.0, 22:1.0, 23:0.0, 24:1.0, 25:0.0, 26:0.0, 27:0.0, 28:0.0, 29:0.0, 30:26385, 31:0.0625, 32:0.24206145913796356, 33:0.0625, 34:0.24206145913796356, 35:0, 36:0, 37:1, 38:256.57142857142856, 39:222.21344767257136, 40:1.0, 
C:/Users/windows/Documents/Tcc_Gabi/Ultrasound/DatasetDecomposite/normal/normal (79)_color_threshold_idx_1_chunck_3_region_1_labels_0_G.png, 1:1.0, 2:1.0, 3:1.0, 4:1.0, 5:0.0, 6:0.0, 7:585.5, 8:115.00108695138495, 9:585.0, 10:115.0, 11:0.0, 12:0.0, 13:585.0, 14:115.0, 15:585.0, 16:115.0, 17:1.1283791670955126, 18:1.0, 19:1.0, 20:1.0, 21:0.0, 22:1.0, 23:0.0, 24:1.0, 25:0.0, 26:0.0, 27:0.0, 28:0.0, 29:0.0, 30:4809, 31:0.0625, 32:0.24206145913796356, 33:0.0625, 34:0.24206145913796356, 35:0, 36:0, 37:1, 38:334.57142857142856, 39:302.5075475530001, 40:1.0, 
C:/Users/windows/Documents/Tcc_Gabi/Ultrasound/DatasetDecomposite/normal/normal (8)_color_threshold_idx_1_chunck_16_region_47_labels_3_G.png, 1:1.0, 2:1.0, 3:1.0, 4:1.0, 5:0.0, 6:0.0, 7:358.0, 8:212.50058823447995, 9:357.5, 10:212.5, 11:0.0, 12:0.0, 13:357.5, 14:212.5, 15:357.5, 16:212.5, 17:1.1283791670955126, 18:1.0, 19:1.0, 20:1.0, 21:0.0, 22:1.0, 23:0.0, 24:1.0, 25:0.0, 26:0.0, 27:0.0, 28:0.0, 29:0.0, 30:29850, 31:0.0625, 32:0.24206145913796356, 33:0.0625, 34:0.24206145913796356, 35:0, 36:0, 37:1, 38:204.57142857142858, 39:239.14601465742768, 40:1.0, 
C:/Users/windows/Documents/Tcc_Gabi/Ultrasound/DatasetDecomposite/normal/normal (80)_color_threshold_idx_1_chunck_1_region_-1_labels_-1_G.png, 1:1.0, 2:1.0, 3:1.0, 4:1.0, 5:0.0, 6:0.0, 7:134.5, 8:49.002550954006466, 9:134.0, 10:49.0, 11:0.0, 12:0.0, 13:134.0, 14:49.0, 15:134.0, 16:49.0, 17:1.1283791670955126, 18:1.0, 19:1.0, 20:1.0, 21:0.0, 22:1.0, 23:0.0, 24:1.0, 25:0.0, 26:0.0, 27:0.0, 28:0.0, 29:0.0, 30:406, 31:0.0625, 32:0.24206145913796356, 33:0.0625, 34:0.24206145913796356, 35:0, 36:0, 37:1, 38:76.85714285714286, 39:76.17353978426699, 40:1.0, 
C:/Users/windows/Documents/Tcc_Gabi/Ultrasound/DatasetDecomposite/normal/normal (81)_color_threshold_idx_0_chunck_8_region_-1_labels_-1_G.png, 1:1.0, 2:1.0, 3:1.0, 4:1.0, 5:0.0, 6:0.0, 7:260.0, 8:237.5005263152063, 9:259.5, 10:237.5, 11:0.0, 12:0.0, 13:259.5, 14:237.5, 15:259.5, 16:237.5, 17:1.1283791670955126, 18:1.0, 19:1.0, 20:1.0, 21:0.0, 22:1.0, 23:0.0, 24:1.0, 25:0.0, 26:0.0, 27:0.0, 28:0.0, 29:0.0, 30:2405, 31:0.0625, 32:0.24206145913796356, 33:0.0625, 34:0.24206145913796356, 35:0, 36:0, 37:1, 38:148.57142857142858, 39:220.87867202403686, 40:1.0, 
C:/Users/windows/Documents/Tcc_Gabi/Ultrasound/DatasetDecomposite/normal/normal (81)_color_threshold_idx_1_chunck_14_region_71_labels_2_G.png, 1:2.0, 2:2.0, 3:2.0, 4:2.0, 5:2.0, 6:0.0, 7:583.25, 8:39.757860857948586, 9:582.75, 10:39.75, 11:0.25, 12:0.25, 13:582.75, 14:39.75157229594824, 15:582.75, 16:39.75157229594824, 17:1.5957691216057308, 18:1.0, 19:1.0, 20:1.0, 21:0.0, 22:1.0, 23:0.0, 24:1.0, 25:0.0, 26:0.0625, 27:0.10825317547305482, 28:0.125, 29:0.125, 30:36677, 31:0.3125, 32:0.582961190818051, 33:0.15625, 34:0.4911323014219285, 35:0, 36:0, 37:2, 38:333.2857142857143, 39:290.194375393811, 40:1.0, 
C:/Users/windows/Documents/Tcc_Gabi/Ultrasound/DatasetDecomposite/normal/normal (82)_color_threshold_idx_1_chunck_7_region_166_labels_0_G.png, 1:1.0, 2:1.0, 3:1.0, 4:1.0, 5:0.0, 6:0.0, 7:335.0, 8:120.5010373399333, 9:334.5, 10:120.5, 11:0.0, 12:0.0, 13:334.5, 14:120.5, 15:334.5, 16:120.5, 17:1.1283791670955126, 18:1.0, 19:1.0, 20:1.0, 21:0.0, 22:1.0, 23:0.0, 24:1.0, 25:0.0, 26:0.0, 27:0.0, 28:0.0, 29:0.0, 30:1647, 31:0.0625, 32:0.24206145913796356, 33:0.0625, 34:0.24206145913796356, 35:0, 36:0, 37:1, 38:191.42857142857142, 39:189.1589332831424, 40:1.0, 
C:/Users/windows/Documents/Tcc_Gabi/Ultrasound/DatasetDecomposite/normal/normal (82)_color_threshold_idx_2_chunck_2_region_-1_labels_-1_G.png, 1:1.0, 2:1.0, 3:1.0, 4:1.0, 5:0.0, 6:0.0, 7:87.5, 8:2.0615528128088303, 9:87.0, 10:2.0, 11:0.0, 12:0.0, 13:87.0, 14:2.0, 15:87.0, 16:2.0, 17:1.1283791670955126, 18:1.0, 19:1.0, 20:1.0, 21:0.0, 22:1.0, 23:0.0, 24:1.0, 25:0.0, 26:0.0, 27:0.0, 28:0.0, 29:0.0, 30:1159, 31:0.0625, 32:0.24206145913796356, 33:0.0625, 34:0.24206145913796356, 35:0, 36:0, 37:1, 38:50.0, 39:43.329303841956325, 40:1.0, 
C:/Users/windows/Documents/Tcc_Gabi/Ultrasound/DatasetDecomposite/normal/normal (83)_color_threshold_idx_1_chunck_-1_region_-1_labels_-1_G.png, 1:1.0, 2:1.0, 3:1.0, 4:1.0, 5:0.0, 6:0.0, 7:549.5, 8:59.00211860602973, 9:549.0, 10:59.0, 11:0.0, 12:0.0, 13:549.0, 14:59.0, 15:549.0, 16:59.0, 17:1.1283791670955126, 18:1.0, 19:1.0, 20:1.0, 21:0.0, 22:1.0, 23:0.0, 24:1.0, 25:0.0, 26:0.0, 27:0.0, 28:0.0, 29:0.0, 30:1586, 31:0.0625, 32:0.24206145913796356, 33:0.0625, 34:0.24206145913796356, 35:0, 36:0, 37:1, 38:314.0, 39:275.56539280955747, 40:1.0, 
C:/Users/windows/Documents/Tcc_Gabi/Ultrasound/DatasetDecomposite/normal/normal (84)_color_threshold_idx_2_chunck_12_region_107_labels_3_G.png, 1:1.0, 2:1.0, 3:1.0, 4:1.0, 5:0.0, 6:0.0, 7:384.5, 8:42.00297608503474, 9:384.0, 10:42.0, 11:0.0, 12:0.0, 13:384.0, 14:42.0, 15:384.0, 16:42.0, 17:1.1283791670955126, 18:1.0, 19:1.0, 20:1.0, 21:0.0, 22:1.0, 23:0.0, 24:1.0, 25:0.0, 26:0.0, 27:0.0, 28:0.0, 29:0.0, 30:12775, 31:0.0625, 32:0.24206145913796356, 33:0.0625, 34:0.24206145913796356, 35:0, 36:0, 37:1, 38:219.71428571428572, 39:192.90909353202338, 40:1.0, 
C:/Users/windows/Documents/Tcc_Gabi/Ultrasound/DatasetDecomposite/normal/normal (85)_color_threshold_idx_2_chunck_3_region_2_labels_0_G.png, 1:2.0, 2:2.0, 3:2.0, 4:2.0, 5:2.0, 6:0.0, 7:352.25, 8:111.25280895330239, 9:351.75, 10:111.25, 11:0.25, 12:0.25, 13:351.75, 14:111.25056179633431, 15:351.75, 16:111.25056179633431, 17:1.5957691216057308, 18:1.0, 19:1.0, 20:1.0, 21:0.0, 22:1.0, 23:0.0, 24:1.0, 25:0.0, 26:0.0625, 27:0.10825317547305482, 28:0.125, 29:0.125, 30:44783, 31:0.3125, 32:0.582961190818051, 33:0.15625, 34:0.4911323014219285, 35:0, 36:0, 37:2, 38:201.28571428571428, 39:193.54491120425055, 40:1.0, 
C:/Users/windows/Documents/Tcc_Gabi/Ultrasound/DatasetDecomposite/normal/normal (85)_color_threshold_idx_2_chunck_4_region_2_labels_0_G.png, 1:1.0, 2:1.0, 3:1.0, 4:1.0, 5:0.0, 6:0.0, 7:510.0, 8:46.502688094345686, 9:509.5, 10:46.5, 11:0.0, 12:0.0, 13:509.5, 14:46.5, 15:509.5, 16:46.5, 17:1.1283791670955126, 18:1.0, 19:1.0, 20:1.0, 21:0.0, 22:1.0, 23:0.0, 24:1.0, 25:0.0, 26:0.0, 27:0.0, 28:0.0, 29:0.0, 30:63337, 31:0.0625, 32:0.24206145913796356, 33:0.0625, 34:0.24206145913796356, 35:0, 36:0, 37:1, 38:291.42857142857144, 39:254.820865451375, 40:1.0, 
C:/Users/windows/Documents/Tcc_Gabi/Ultrasound/DatasetDecomposite/normal/normal (86)_color_threshold_idx_2_chunck_13_region_113_labels_1_G.png, 1:1.0, 2:1.0, 3:1.0, 4:1.0, 5:0.0, 6:0.0, 7:510.0, 8:41.50301193889427, 9:509.5, 10:41.5, 11:0.0, 12:0.0, 13:509.5, 14:41.5, 15:509.5, 16:41.5, 17:1.1283791670955126, 18:1.0, 19:1.0, 20:1.0, 21:0.0, 22:1.0, 23:0.0, 24:1.0, 25:0.0, 26:0.0, 27:0.0, 28:0.0, 29:0.0, 30:15188, 31:0.0625, 32:0.24206145913796356, 33:0.0625, 34:0.24206145913796356, 35:0, 36:0, 37:1, 38:291.42857142857144, 39:254.32704319037563, 40:1.0, 
C:/Users/windows/Documents/Tcc_Gabi/Ultrasound/DatasetDecomposite/normal/normal (87)_color_threshold_idx_0_chunck_3_region_174_labels_1_G.png, 1:1.0, 2:1.0, 3:1.0, 4:1.0, 5:0.0, 6:0.0, 7:509.0, 8:42.50294107470682, 9:508.5, 10:42.5, 11:0.0, 12:0.0, 13:508.5, 14:42.5, 15:508.5, 16:42.5, 17:1.1283791670955126, 18:1.0, 19:1.0, 20:1.0, 21:0.0, 22:1.0, 23:0.0, 24:1.0, 25:0.0, 26:0.0, 27:0.0, 28:0.0, 29:0.0, 30:46906, 31:0.0625, 32:0.24206145913796356, 33:0.0625, 34:0.24206145913796356, 35:0, 36:0, 37:1, 38:290.85714285714283, 39:253.930490247924, 40:1.0, 
C:/Users/windows/Documents/Tcc_Gabi/Ultrasound/DatasetDecomposite/normal/normal (87)_color_threshold_idx_1_chunck_8_region_27_labels_1_G.png, 1:1.0, 2:1.0, 3:1.0, 4:1.0, 5:0.0, 6:0.0, 7:335.0, 8:130.5009578508909, 9:334.5, 10:130.5, 11:0.0, 12:0.0, 13:334.5, 14:130.5, 15:334.5, 16:130.5, 17:1.1283791670955126, 18:1.0, 19:1.0, 20:1.0, 21:0.0, 22:1.0, 23:0.0, 24:1.0, 25:0.0, 26:0.0, 27:0.0, 28:0.0, 29:0.0, 30:3191, 31:0.0625, 32:0.24206145913796356, 33:0.0625, 34:0.24206145913796356, 35:0, 36:0, 37:1, 38:191.42857142857142, 39:192.91290199232927, 40:1.0, 
C:/Users/windows/Documents/Tcc_Gabi/Ultrasound/DatasetDecomposite/normal/normal (88)_color_threshold_idx_1_chunck_7_region_5_labels_1_G.png, 1:1.0, 2:1.0, 3:1.0, 4:1.0, 5:0.0, 6:0.0, 7:252.5, 8:46.00271731104588, 9:252.0, 10:46.0, 11:0.0, 12:0.0, 13:252.0, 14:46.0, 15:252.0, 16:46.0, 17:1.1283791670955126, 18:1.0, 19:1.0, 20:1.0, 21:0.0, 22:1.0, 23:0.0, 24:1.0, 25:0.0, 26:0.0, 27:0.0, 28:0.0, 29:0.0, 30:14020, 31:0.0625, 32:0.24206145913796356, 33:0.0625, 34:0.24206145913796356, 35:0, 36:0, 37:1, 38:144.28571428571428, 39:129.70374406504152, 40:1.0, 
C:/Users/windows/Documents/Tcc_Gabi/Ultrasound/DatasetDecomposite/normal/normal (89)_color_threshold_idx_0_chunck_2_region_25_labels_1_G.png, 1:1.0, 2:1.0, 3:1.0, 4:1.0, 5:0.0, 6:0.0, 7:370.5, 8:96.00130207450313, 9:370.0, 10:96.0, 11:0.0, 12:0.0, 13:370.0, 14:96.0, 15:370.0, 16:96.0, 17:1.1283791670955126, 18:1.0, 19:1.0, 20:1.0, 21:0.0, 22:1.0, 23:0.0, 24:1.0, 25:0.0, 26:0.0, 27:0.0, 28:0.0, 29:0.0, 30:12090, 31:0.0625, 32:0.24206145913796356, 33:0.0625, 34:0.24206145913796356, 35:0, 36:0, 37:1, 38:211.71428571428572, 39:197.18933199608244, 40:1.0, 
C:/Users/windows/Documents/Tcc_Gabi/Ultrasound/DatasetDecomposite/normal/normal (9)_color_threshold_idx_1_chunck_15_region_26_labels_3_G.png, 1:1.0, 2:1.0, 3:1.0, 4:1.0, 5:0.0, 6:0.0, 7:164.0, 8:52.502380898393554, 9:163.5, 10:52.5, 11:0.0, 12:0.0, 13:163.5, 14:52.5, 15:163.5, 16:52.5, 17:1.1283791670955126, 18:1.0, 19:1.0, 20:1.0, 21:0.0, 22:1.0, 23:0.0, 24:1.0, 25:0.0, 26:0.0, 27:0.0, 28:0.0, 29:0.0, 30:3450, 31:0.0625, 32:0.24206145913796356, 33:0.0625, 34:0.24206145913796356, 35:0, 36:0, 37:1, 38:93.71428571428571, 39:90.34333604282574, 40:1.0, 
C:/Users/windows/Documents/Tcc_Gabi/Ultrasound/DatasetDecomposite/normal/normal (90)_color_threshold_idx_2_chunck_1_region_14_labels_1_G.png, 1:1.0, 2:1.0, 3:1.0, 4:1.0, 5:0.0, 6:0.0, 7:203.0, 8:83.50149699256895, 9:202.5, 10:83.5, 11:0.0, 12:0.0, 13:202.5, 14:83.5, 15:202.5, 16:83.5, 17:1.1283791670955126, 18:1.0, 19:1.0, 20:1.0, 21:0.0, 22:1.0, 23:0.0, 24:1.0, 25:0.0, 26:0.0, 27:0.0, 28:0.0, 29:0.0, 30:15377, 31:0.0625, 32:0.24206145913796356, 33:0.0625, 34:0.24206145913796356, 35:0, 36:0, 37:1, 38:116.0, 39:118.64352369297582, 40:1.0, 
C:/Users/windows/Documents/Tcc_Gabi/Ultrasound/DatasetDecomposite/normal/normal (91)_color_threshold_idx_2_chunck_10_region_17_labels_2_G.png, 1:1.0, 2:1.0, 3:1.0, 4:1.0, 5:0.0, 6:0.0, 7:525.0, 8:32.50384592629001, 9:524.5, 10:32.5, 11:0.0, 12:0.0, 13:524.5, 14:32.5, 15:524.5, 16:32.5, 17:1.1283791670955126, 18:1.0, 19:1.0, 20:1.0, 21:0.0, 22:1.0, 23:0.0, 24:1.0, 25:0.0, 26:0.0, 27:0.0, 28:0.0, 29:0.0, 30:135854, 31:0.0625, 32:0.24206145913796356, 33:0.0625, 34:0.24206145913796356, 35:0, 36:0, 37:1, 38:300.0, 39:260.9668835038544, 40:1.0, 
C:/Users/windows/Documents/Tcc_Gabi/Ultrasound/DatasetDecomposite/normal/normal (92)_color_threshold_idx_2_chunck_10_region_18_labels_2_G.png, 1:2.0, 2:2.0, 3:2.0, 4:2.0, 5:2.0, 6:0.0, 7:519.25, 8:33.75925798947601, 9:518.75, 10:33.75, 11:0.25, 12:0.25, 13:518.75, 14:33.751851801049376, 15:518.75, 16:33.751851801049376, 17:1.5957691216057308, 18:1.0, 19:1.0, 20:1.0, 21:0.0, 22:1.0, 23:0.0, 24:1.0, 25:0.0, 26:0.0625, 27:0.10825317547305482, 28:0.125, 29:0.125, 30:112286, 31:0.3125, 32:0.582961190818051, 33:0.15625, 34:0.4911323014219285, 35:0, 36:0, 37:2, 38:296.7142857142857, 39:258.2262099598027, 40:1.0, 
C:/Users/windows/Documents/Tcc_Gabi/Ultrasound/DatasetDecomposite/normal/normal (93)_color_threshold_idx_2_chunck_14_region_201_labels_2_G.png, 1:1.0, 2:1.0, 3:1.0, 4:1.0, 5:0.0, 6:0.0, 7:415.0, 8:162.50076922894857, 9:414.5, 10:162.5, 11:0.0, 12:0.0, 13:414.5, 14:162.5, 15:414.5, 16:162.5, 17:1.1283791670955126, 18:1.0, 19:1.0, 20:1.0, 21:0.0, 22:1.0, 23:0.0, 24:1.0, 25:0.0, 26:0.0, 27:0.0, 28:0.0, 29:0.0, 30:30854, 31:0.0625, 32:0.24206145913796356, 33:0.0625, 34:0.24206145913796356, 35:0, 36:0, 37:1, 38:237.14285714285714, 39:239.3052017651032, 40:1.0, 
C:/Users/windows/Documents/Tcc_Gabi/Ultrasound/DatasetDecomposite/normal/normal (94)_color_threshold_idx_1_chunck_6_region_82_labels_1_G.png, 1:1.0, 2:1.0, 3:1.0, 4:1.0, 5:0.0, 6:0.0, 7:249.5, 8:31.00403199585499, 9:249.0, 10:31.0, 11:0.0, 12:0.0, 13:249.0, 14:31.0, 15:249.0, 16:31.0, 17:1.1283791670955126, 18:1.0, 19:1.0, 20:1.0, 21:0.0, 22:1.0, 23:0.0, 24:1.0, 25:0.0, 26:0.0, 27:0.0, 28:0.0, 29:0.0, 30:6051, 31:0.0625, 32:0.24206145913796356, 33:0.0625, 34:0.24206145913796356, 35:0, 36:0, 37:1, 38:142.57142857142858, 39:125.67515624799988, 40:1.0, 
C:/Users/windows/Documents/Tcc_Gabi/Ultrasound/DatasetDecomposite/normal/normal (95)_color_threshold_idx_1_chunck_0_region_82_labels_0_G.png, 1:1.0, 2:1.0, 3:1.0, 4:1.0, 5:0.0, 6:0.0, 7:559.0, 8:22.5055548698538, 9:558.5, 10:22.5, 11:0.0, 12:0.0, 13:558.5, 14:22.5, 15:558.5, 16:22.5, 17:1.1283791670955126, 18:1.0, 19:1.0, 20:1.0, 21:0.0, 22:1.0, 23:0.0, 24:1.0, 25:0.0, 26:0.0, 27:0.0, 28:0.0, 29:0.0, 30:49241, 31:0.0625, 32:0.24206145913796356, 33:0.0625, 34:0.24206145913796356, 35:0, 36:0, 37:1, 38:319.42857142857144, 39:277.1558907097268, 40:1.0, 
C:/Users/windows/Documents/Tcc_Gabi/Ultrasound/DatasetDecomposite/normal/normal (96)_color_threshold_idx_1_chunck_-1_region_-1_labels_-1_G.png, 1:1.0, 2:1.0, 3:1.0, 4:1.0, 5:0.0, 6:0.0, 7:401.0, 8:256.50048732897176, 9:400.5, 10:256.5, 11:0.0, 12:0.0, 13:400.5, 14:256.5, 15:400.5, 16:256.5, 17:1.1283791670955126, 18:1.0, 19:1.0, 20:1.0, 21:0.0, 22:1.0, 23:0.0, 24:1.0, 25:0.0, 26:0.0, 27:0.0, 28:0.0, 29:0.0, 30:1121, 31:0.0625, 32:0.24206145913796356, 33:0.0625, 34:0.24206145913796356, 35:0, 36:0, 37:1, 38:229.14285714285714, 39:277.4446810094008, 40:1.0, 
C:/Users/windows/Documents/Tcc_Gabi/Ultrasound/DatasetDecomposite/normal/normal (96)_color_threshold_idx_1_chunck_1_region_-1_labels_-1_G.png, 1:1.0, 2:1.0, 3:1.0, 4:1.0, 5:0.0, 6:0.0, 7:465.0, 8:201.50062034643963, 9:464.5, 10:201.5, 11:0.0, 12:0.0, 13:464.5, 14:201.5, 15:464.5, 16:201.5, 17:1.1283791670955126, 18:1.0, 19:1.0, 20:1.0, 21:0.0, 22:1.0, 23:0.0, 24:1.0, 25:0.0, 26:0.0, 27:0.0, 28:0.0, 29:0.0, 30:5308, 31:0.0625, 32:0.24206145913796356, 33:0.0625, 34:0.24206145913796356, 35:0, 36:0, 37:1, 38:265.7142857142857, 39:275.9610294877129, 40:1.0, 
C:/Users/windows/Documents/Tcc_Gabi/Ultrasound/DatasetDecomposite/normal/normal (97)_color_threshold_idx_1_chunck_6_region_116_labels_0_G.png, 1:1.0, 2:1.0, 3:1.0, 4:1.0, 5:0.0, 6:0.0, 7:450.5, 8:99.00126261821109, 9:450.0, 10:99.0, 11:0.0, 12:0.0, 13:450.0, 14:99.0, 15:450.0, 16:99.0, 17:1.1283791670955126, 18:1.0, 19:1.0, 20:1.0, 21:0.0, 22:1.0, 23:0.0, 24:1.0, 25:0.0, 26:0.0, 27:0.0, 28:0.0, 29:0.0, 30:22491, 31:0.0625, 32:0.24206145913796356, 33:0.0625, 34:0.24206145913796356, 35:0, 36:0, 37:1, 38:257.42857142857144, 39:235.16550836917094, 40:1.0, 
C:/Users/windows/Documents/Tcc_Gabi/Ultrasound/DatasetDecomposite/normal/normal (98)_color_threshold_idx_1_chunck_5_region_113_labels_0_G.png, 1:1.0, 2:1.0, 3:1.0, 4:1.0, 5:0.0, 6:0.0, 7:247.0, 8:106.50117370245269, 9:246.5, 10:106.5, 11:0.0, 12:0.0, 13:246.5, 14:106.5, 15:246.5, 16:106.5, 17:1.1283791670955126, 18:1.0, 19:1.0, 20:1.0, 21:0.0, 22:1.0, 23:0.0, 24:1.0, 25:0.0, 26:0.0, 27:0.0, 28:0.0, 29:0.0, 30:26467, 31:0.0625, 32:0.24206145913796356, 33:0.0625, 34:0.24206145913796356, 35:0, 36:0, 37:1, 38:141.14285714285714, 39:146.36395786963848, 40:1.0, 
C:/Users/windows/Documents/Tcc_Gabi/Ultrasound/DatasetDecomposite/normal/normal (99)_color_threshold_idx_0_chunck_-1_region_-1_labels_-1_G.png, 1:1.0, 2:1.0, 3:1.0, 4:1.0, 5:0.0, 6:0.0, 7:215.0, 8:106.50117370245269, 9:214.5, 10:106.5, 11:0.0, 12:0.0, 13:214.5, 14:106.5, 15:214.5, 16:106.5, 17:1.1283791670955126, 18:1.0, 19:1.0, 20:1.0, 21:0.0, 22:1.0, 23:0.0, 24:1.0, 25:0.0, 26:0.0, 27:0.0, 28:0.0, 29:0.0, 30:2225, 31:0.0625, 32:0.24206145913796356, 33:0.0625, 34:0.24206145913796356, 35:0, 36:0, 37:1, 38:122.85714285714286, 39:133.42352391798786, 40:1.0, 
